date;opening;max;min;close;nominalCount
2015-10-21 17:00:12;5,17;5,26;5,16;5,22;494.473,00;
2015-10-20 17:00:39;5,19;5,23;5,13;5,17;609.625,00;
2015-10-19 16:55:54;4,97;5,19;4,95;5,13;405.084,00;
2015-10-16 16:58:58;4,95;5,00;4,89;4,97;538.623,00;
2015-10-15 16:56:13;5,10;5,10;4,92;4,93;201.304,00;
2015-10-14 16:56:45;5,00;5,08;4,91;4,91;146.671,00;
2015-10-13 16:26:16;4,90;5,05;4,87;5,00;291.716,00;
2015-10-09 16:58:26;5,06;5,06;4,83;4,85;291.802,00;
2015-10-08 16:59:50;5,10;5,10;4,90;4,94;233.463,00;
2015-10-07 16:53:28;4,99;5,16;4,95;5,00;253.109,00;
2015-10-06 16:57:24;5,05;5,08;4,95;4,99;323.559,00;
2015-10-05 16:53:03;5,25;5,26;4,99;5,04;197.145,00;
2015-10-02 16:57:27;5,10;5,19;5,10;5,10;193.795,00;
2015-10-01 16:52:32;5,30;5,35;5,10;5,15;553.184,00;
2015-09-30 16:58:34;5,40;5,41;5,25;5,29;497.030,00;
2015-09-29 16:50:57;5,06;5,36;5,06;5,30;900.201,00;
2015-09-28 16:57:49;5,16;5,16;4,90;5,10;121.679,00;
2015-09-25 16:59:43;4,90;5,16;4,75;5,15;595.312,00;
2015-09-24 17:00:29;4,70;4,78;4,30;4,64;334.454,00;
2015-09-23 17:02:14;4,84;4,90;4,70;4,76;239.241,00;
2015-09-22 16:58:47;4,98;4,98;4,60;4,80;463.067,00;
2015-09-21 16:57:05;5,11;5,20;5,00;5,01;187.714,00;
2015-09-18 16:59:37;5,25;5,35;5,10;5,11;448.438,00;
2015-09-17 16:59:09;5,00;5,31;5,00;5,23;376.686,00;
2015-09-16 17:00:50;5,20;5,23;5,00;5,00;110.567,00;
2015-09-15 16:51:32;5,15;5,26;5,10;5,13;161.045,00;
2015-09-14 16:55:19;5,20;5,27;5,13;5,17;55.227,00;
2015-09-11 16:59:36;5,49;5,49;5,17;5,27;444.376,00;
2015-09-10 16:56:29;5,33;5,48;5,15;5,48;1.156.012,00;
2015-09-09 16:57:59;5,30;5,34;5,20;5,33;409.108,00;
2015-09-08 17:00:37;5,10;5,25;5,10;5,15;179.916,00;
2015-09-07 16:50:36;5,00;5,07;5,00;5,02;145.106,00;
2015-09-04 16:54:05;4,90;5,00;4,81;5,00;132.376,00;
2015-09-03 16:56:38;4,95;5,08;4,92;4,92;214.800,00;
2015-09-02 16:51:02;4,95;5,00;4,86;4,90;137.969,00;
2015-09-01 16:57:03;5,05;5,05;4,95;4,95;147.197,00;
2015-08-31 17:00:07;5,11;5,20;4,90;5,05;225.904,00;
2015-08-28 16:59:34;4,90;5,18;4,90;5,11;497.911,00;
2015-08-27 16:55:47;4,80;4,89;4,65;4,89;996.216,00;
2015-08-26 16:54:22;4,20;4,45;4,20;4,45;296.941,00;
2015-08-25 16:59:03;4,36;4,54;4,15;4,15;514.047,00;
2015-08-24 16:58:22;4,37;4,54;4,23;4,28;918.837,00;
2015-08-21 16:59:19;4,83;4,90;4,50;4,70;563.355,00;
2015-08-20 16:56:42;5,01;5,02;4,93;4,93;168.307,00;
2015-08-19 16:59:11;5,15;5,25;4,90;5,07;274.509,00;
2015-08-18 17:00:52;5,25;5,32;5,15;5,15;155.129,00;
2015-08-14 16:44:35;5,36;5,37;5,30;5,30;46.744,00;
2015-08-13 16:34:43;5,44;5,44;5,31;5,37;134.691,00;
2015-08-12 16:59:29;5,36;5,39;5,20;5,38;223.688,00;
2015-08-11 16:55:05;5,48;5,48;5,32;5,37;204.609,00;
2015-08-10 16:58:52;5,27;5,60;5,27;5,52;610.878,00;
2015-08-07 16:59:59;5,26;5,35;5,12;5,23;583.941,00;
2015-08-06 16:59:59;5,05;5,26;5,05;5,24;483.697,00;
2015-08-05 16:59:53;5,00;5,13;4,90;5,05;259.994,00;
2015-08-04 17:01:09;5,23;5,25;4,95;5,00;222.127,00;
2015-08-03 16:54:39;5,50;5,50;5,18;5,19;169.830,00;
2015-07-31 17:00:07;5,41;5,41;5,30;5,35;123.980,00;
2015-07-30 16:59:41;5,45;5,45;5,20;5,40;116.982,00;
2015-07-29 17:01:41;5,15;5,45;5,13;5,40;342.987,00;
2015-07-28 16:59:30;4,98;5,18;4,98;5,09;219.118,00;
2015-07-27 16:59:37;4,99;5,08;4,78;4,95;392.343,00;
2015-07-24 16:58:57;5,38;5,38;4,90;5,00;342.661,00;
2015-07-23 16:57:37;5,42;5,46;5,28;5,42;177.443,00;
2015-07-22 16:59:30;5,60;5,60;5,38;5,38;337.551,00;
2015-07-21 16:59:01;5,55;5,72;5,38;5,50;476.647,00;
2015-07-20 17:00:05;5,90;5,90;5,58;5,58;404.529,00;
2015-07-17 16:59:54;5,75;6,00;5,60;5,88;534.400,00;
2015-07-16 17:00:47;5,99;5,99;5,65;5,70;726.418,00;
2015-07-15 16:59:11;5,53;5,75;5,53;5,72;707.229,00;
2015-07-14 17:00:40;5,50;5,55;5,43;5,53;661.917,00;
2015-07-13 16:57:31;5,40;5,50;5,30;5,47;232.001,00;
2015-07-10 16:58:47;5,55;5,55;5,35;5,35;265.149,00;
2015-07-08 16:59:45;5,54;5,55;5,32;5,39;327.600,00;
2015-07-07 17:00:05;5,40;5,55;5,10;5,54;401.532,00;
2015-07-06 16:59:56;5,10;5,34;5,02;5,34;492.489,00;
2015-07-03 16:59:58;4,95;5,12;4,95;5,07;507.539,00;
2015-07-02 17:01:47;4,80;4,93;4,70;4,92;327.443,00;
2015-07-01 16:51:38;4,62;4,90;4,62;4,75;479.097,00;
2015-06-30 16:59:51;4,59;4,69;4,52;4,66;449.645,00;
2015-06-29 16:59:54;4,62;4,62;4,50;4,52;393.903,00;
2015-06-26 16:57:03;4,70;4,79;4,65;4,76;112.741,00;
2015-06-25 16:59:49;4,66;4,67;4,55;4,65;220.192,00;
2015-06-24 16:53:42;4,74;4,85;4,62;4,67;138.120,00;
2015-06-23 17:00:04;4,87;4,95;4,74;4,74;228.203,00;
2015-06-22 16:59:59;4,80;4,86;4,70;4,86;560.016,00;
2015-06-19 16:57:46;4,55;4,80;4,55;4,63;285.594,00;
2015-06-18 16:55:58;4,70;4,80;4,50;4,52;334.391,00;
2015-06-17 16:59:47;4,88;4,88;4,60;4,72;584.903,00;
2015-06-16 16:56:43;5,07;5,10;4,93;4,98;103.897,00;
2015-06-15 16:58:59;5,15;5,18;5,02;5,07;118.522,00;
2015-06-12 16:56:04;5,27;5,34;5,20;5,34;51.205,00;
2015-06-11 16:59:43;5,36;5,37;5,29;5,35;123.792,00;
2015-06-10 17:00:37;5,43;5,43;5,33;5,36;265.587,00;
2015-06-09 16:59:58;5,25;5,38;5,19;5,30;139.831,00;
2015-06-08 16:38:45;5,38;5,38;5,17;5,25;151.527,00;
2015-06-05 17:00:21;5,26;5,35;5,13;5,28;174.589,00;
2015-06-04 16:59:52;5,20;5,29;5,11;5,23;437.325,00;
2015-06-03 16:59:24;5,10;5,10;4,94;5,04;476.982,00;
2015-06-02 16:58:45;4,80;5,15;4,80;5,10;850.376,00;
2015-06-01 16:59:16;4,81;4,81;4,67;4,79;95.185,00;
2015-05-29 16:59:59;4,85;4,90;4,79;4,81;212.608,00;
2015-05-28 17:00:47;4,84;4,88;4,75;4,80;145.186,00;
2015-05-27 17:00:00;4,73;4,85;4,71;4,76;230.938,00;
2015-05-26 16:59:55;5,00;5,00;4,74;4,74;292.240,00;
2015-05-22 16:58:56;5,15;5,15;5,00;5,13;297.349,00;
2015-05-21 16:59:35;5,35;5,40;5,10;5,27;273.196,00;
2015-05-20 16:55:40;5,45;5,45;5,35;5,40;286.724,00;
2015-05-19 17:00:15;5,41;5,55;5,29;5,55;467.465,00;
2015-05-18 16:58:55;5,75;5,75;5,50;5,55;235.149,00;
2015-05-15 16:57:40;5,46;5,69;5,46;5,69;290.977,00;
2015-05-14 16:53:29;5,40;5,47;5,35;5,47;379.577,00;
2015-05-13 16:56:44;5,39;5,54;5,37;5,39;652.774,00;
2015-05-12 16:57:15;5,40;5,47;5,28;5,39;354.657,00;
2015-05-11 16:54:07;5,40;5,45;5,34;5,45;245.034,00;
2015-05-08 16:57:34;5,45;5,55;5,41;5,45;296.131,00;
2015-05-07 16:59:17;5,42;5,50;5,35;5,40;278.495,00;
2015-05-06 16:59:14;5,70;5,70;5,45;5,57;140.642,00;
2015-05-05 17:00:16;5,76;5,78;5,65;5,67;350.794,00;
2015-05-04 16:52:46;5,62;5,75;5,62;5,70;315.811,00;
2015-04-30 17:01:12;5,96;5,96;5,40;5,62;310.331,00;
2015-04-29 16:57:03;5,65;5,72;5,62;5,70;297.245,00;
2015-04-28 16:58:51;5,78;5,78;5,65;5,75;425.263,00;
2015-04-27 16:55:23;5,98;5,98;5,65;5,78;312.136,00;
2015-04-24 16:59:00;5,78;5,95;5,78;5,85;494.087,00;
2015-04-23 16:57:39;5,45;5,80;5,45;5,72;471.367,00;
2015-04-22 16:58:05;5,50;5,59;5,45;5,52;302.027,00;
2015-04-21 17:00:01;5,61;5,61;5,45;5,48;458.728,00;
2015-04-20 17:00:00;5,95;5,95;5,60;5,63;246.024,00;
2015-04-17 17:00:15;5,90;5,99;5,83;5,88;466.926,00;
2015-04-16 16:59:59;5,95;6,02;5,81;6,01;511.693,00;
2015-04-15 16:59:26;6,01;6,01;5,70;5,97;805.097,00;
2015-04-14 16:59:00;6,00;6,05;5,90;6,02;872.397,00;
2015-04-13 16:59:51;5,96;6,05;5,81;5,99;1.103.203,00;
2015-04-10 17:00:21;5,50;5,94;5,45;5,90;1.145.283,00;
2015-04-09 17:00:02;5,52;5,55;5,40;5,47;560.159,00;
2015-04-08 16:57:53;5,50;5,61;5,45;5,53;1.057.349,00;
2015-04-07 16:59:29;5,80;5,80;5,46;5,54;1.199.380,00;
2015-04-06 16:59:53;5,86;5,97;5,70;5,80;1.184.619,00;
2015-04-01 17:00:01;5,79;6,10;5,79;5,85;1.397.077,00;
2015-03-31 16:59:24;6,15;6,15;5,60;5,90;1.028.578,00;
2015-03-30 16:59:53;6,00;6,35;5,95;6,15;2.385.193,00;
2015-03-27 16:59:57;5,76;6,08;5,72;5,83;2.108.018,00;
2015-03-26 17:00:12;6,74;6,74;5,65;5,76;3.566.881,00;
2015-03-25 16:54:52;6,98;6,98;6,70;6,74;657.395,00;
2015-03-20 16:59:48;6,98;7,20;6,90;7,15;585.529,00;
2015-03-19 16:59:19;7,05;7,20;6,71;6,89;616.415,00;
2015-03-18 17:00:15;6,89;7,02;6,62;7,02;630.758,00;
2015-03-17 17:00:32;6,79;7,10;6,79;6,90;1.629.021,00;
2015-03-16 16:59:35;6,15;6,63;6,15;6,62;1.245.817,00;
2015-03-13 16:59:36;5,77;6,17;5,77;6,11;880.976,00;
2015-03-12 17:00:36;5,97;6,15;5,65;5,77;704.641,00;
2015-03-11 17:01:15;5,52;5,98;5,52;5,96;701.912,00;
2015-03-10 16:59:59;5,74;5,74;5,40;5,52;1.399.480,00;
2015-03-09 16:59:01;5,75;5,75;5,50;5,69;678.627,00;
2015-03-06 17:00:34;5,43;5,58;5,36;5,46;931.290,00;
2015-03-05 16:59:32;5,19;5,50;5,02;5,45;1.064.058,00;
2015-03-04 16:50:26;5,20;5,20;4,96;5,19;710.328,00;
2015-03-03 16:59:47;5,15;5,22;5,09;5,20;690.731,00;
2015-03-02 16:57:51;4,97;5,10;4,97;5,06;704.220,00;
2015-02-27 17:00:12;4,80;4,96;4,71;4,92;521.121,00;
2015-02-26 16:58:31;4,90;4,90;4,60;4,80;362.549,00;
2015-02-25 16:59:48;4,79;4,90;4,72;4,79;492.004,00;
2015-02-24 16:59:20;4,65;4,79;4,65;4,79;388.482,00;
2015-02-23 16:56:52;4,50;4,69;4,44;4,67;628.764,00;
2015-02-20 16:59:07;4,35;4,60;4,30;4,46;473.305,00;
2015-02-19 16:56:21;4,34;4,35;4,26;4,33;237.244,00;
2015-02-18 17:00:35;4,36;4,40;4,17;4,36;474.042,00;
2015-02-13 16:58:59;4,44;4,44;4,23;4,36;739.335,00;
2015-02-12 16:57:15;4,28;4,40;4,28;4,35;219.752,00;
2015-02-11 17:00:23;4,11;4,26;4,08;4,20;268.262,00;
2015-02-10 16:49:21;4,13;4,23;4,10;4,11;144.037,00;
2015-02-09 16:58:49;4,25;4,27;4,10;4,18;236.768,00;
2015-02-06 16:54:34;4,18;4,22;4,13;4,20;228.060,00;
2015-02-05 16:59:48;4,14;4,22;4,11;4,19;184.820,00;
2015-02-04 16:59:20;4,20;4,22;4,00;4,13;489.593,00;
2015-02-03 16:57:05;4,10;4,28;4,10;4,13;528.477,00;
2015-02-02 16:58:46;4,08;4,09;4,00;4,08;475.231,00;
2015-01-30 16:45:49;4,00;4,05;3,85;4,05;324.047,00;
2015-01-29 16:57:20;4,06;4,15;3,97;4,00;366.353,00;
2015-01-28 16:54:15;3,95;4,24;3,95;4,05;700.553,00;
2015-01-27 16:59:36;3,80;4,10;3,75;4,09;873.246,00;
2015-01-26 16:51:18;3,64;3,77;3,60;3,76;449.462,00;
2015-01-23 16:59:39;3,45;3,66;3,44;3,63;709.400,00;
2015-01-22 16:58:54;3,42;3,46;3,35;3,44;218.963,00;
2015-01-21 16:54:05;3,40;3,42;3,30;3,42;150.526,00;
2015-01-20 16:51:38;3,40;3,43;3,35;3,38;101.816,00;
2015-01-19 16:57:59;3,40;3,40;3,30;3,40;147.990,00;
2015-01-16 16:44:18;3,37;3,39;3,30;3,39;371.229,00;
2015-01-15 16:59:12;3,40;3,42;3,30;3,36;372.763,00;
2015-01-14 16:59:59;3,24;3,34;3,24;3,34;183.997,00;
2015-01-13 16:51:17;3,26;3,32;3,25;3,27;230.015,00;
2015-01-12 16:57:39;3,43;3,43;3,23;3,25;164.063,00;
2015-01-09 17:00:25;3,45;3,50;3,33;3,43;139.550,00;
2015-01-08 16:55:43;3,38;3,47;3,33;3,39;302.043,00;
2015-01-07 16:57:24;3,39;3,39;3,25;3,33;258.870,00;
2015-01-06 16:51:43;3,22;3,25;3,15;3,20;175.280,00;
2015-01-05 16:57:43;3,50;3,55;3,15;3,22;665.375,00;
2015-01-02 16:59:44;3,30;3,57;3,30;3,45;325.722,00;
2014-12-30 17:00:42;3,19;3,36;3,13;3,36;542.859,00;
2014-12-29 16:59:49;3,10;3,30;3,05;3,19;422.358,00;
2014-12-23 16:59:58;2,90;3,03;2,80;3,03;497.464,00;
2014-12-22 16:57:10;3,05;3,05;2,88;2,90;789.529,00;
2014-12-19 16:59:49;3,03;3,09;2,90;2,93;467.387,00;
2014-12-18 16:59:28;3,20;3,24;2,99;3,00;463.621,00;
2014-12-17 16:57:23;3,05;3,15;2,95;3,04;619.667,00;
2014-12-16 17:00:37;3,08;3,18;2,80;2,93;1.235.391,00;
2014-12-15 16:47:27;3,41;3,41;3,08;3,08;647.584,00;
2014-12-12 16:58:51;3,60;3,60;3,32;3,42;456.627,00;
2014-12-11 17:00:00;3,45;3,80;3,38;3,64;579.687,00;
2014-12-10 17:00:18;3,80;3,81;3,46;3,47;455.101,00;
2014-12-09 16:59:53;4,09;4,09;3,77;3,77;273.560,00;
2014-12-05 17:00:09;4,06;4,13;3,99;4,10;287.195,00;
2014-12-04 16:57:34;4,18;4,21;4,05;4,05;363.499,00;
2014-12-03 16:52:09;4,00;4,12;4,00;4,12;277.478,00;
2014-12-02 16:51:09;3,94;4,06;3,94;3,94;408.515,00;
2014-12-01 16:58:41;4,30;4,30;3,95;3,97;620.989,00;
2014-11-28 16:55:13;4,52;4,52;4,25;4,30;184.406,00;
2014-11-27 16:59:44;4,45;4,60;4,42;4,52;332.606,00;
2014-11-26 16:52:14;4,34;4,40;4,27;4,40;251.495,00;
2014-11-25 16:03:33;4,36;4,44;4,34;4,34;84.377,00;
2014-11-21 16:58:37;4,35;4,40;4,28;4,34;240.888,00;
2014-11-20 16:59:03;4,25;4,53;4,20;4,30;682.157,00;
2014-11-19 16:59:59;4,24;4,35;4,00;4,23;424.211,00;
2014-11-18 16:56:36;4,15;4,24;3,95;4,23;731.361,00;
2014-11-17 16:50:14;4,35;4,35;3,97;4,15;376.289,00;
2014-11-14 16:57:48;4,42;4,42;4,15;4,25;301.238,00;
2014-11-13 16:59:59;4,50;4,50;4,28;4,42;349.234,00;
2014-11-12 16:32:31;4,60;4,65;4,46;4,52;281.121,00;
2014-11-11 16:59:59;4,50;4,58;4,49;4,55;238.646,00;
2014-11-10 16:59:42;4,81;4,87;4,40;4,54;487.076,00;
2014-11-07 16:55:02;4,93;4,98;4,81;4,82;354.620,00;
2014-11-05 16:59:49;5,00;5,05;4,80;4,93;404.647,00;
2014-11-04 17:00:41;5,15;5,17;4,95;5,02;1.483.946,00;
2014-11-03 16:59:58;4,95;5,10;4,90;5,07;764.228,00;
2014-10-31 17:00:01;4,68;4,85;4,68;4,85;636.948,00;
2014-10-30 16:59:59;4,67;4,69;4,61;4,67;346.874,00;
2014-10-29 16:59:59;4,70;4,70;4,62;4,67;143.748,00;
2014-10-28 16:59:15;4,76;4,80;4,60;4,67;174.280,00;
2014-10-27 16:55:28;4,70;4,70;4,60;4,67;446.409,00;
2014-10-24 16:58:32;4,65;4,79;4,60;4,70;630.303,00;
2014-10-23 16:59:40;4,70;4,78;4,50;4,60;642.017,00;
2014-10-22 16:59:57;4,73;4,95;4,50;4,60;1.164.362,00;
2014-10-21 16:59:30;4,90;5,08;4,50;4,65;1.764.411,00;
2014-10-20 16:59:28;4,35;4,92;4,33;4,80;1.632.194,00;
2014-10-17 16:59:53;4,01;4,31;4,01;4,28;976.410,00;
2014-10-16 16:56:47;3,51;3,85;3,51;3,85;1.106.647,00;
2014-10-15 17:00:00;3,69;3,69;3,57;3,65;1.026.266,00;
2014-10-14 16:38:59;3,90;3,90;3,80;3,85;404.477,00;
2014-10-10 16:58:54;3,98;4,05;3,80;3,95;661.217,00;
2014-10-09 16:59:40;4,28;4,28;3,85;3,94;1.222.540,00;
2014-10-08 16:59:35;4,50;4,50;4,20;4,26;615.501,00;
2014-10-07 16:59:36;4,30;4,40;4,25;4,28;831.315,00;
2014-10-06 16:59:58;4,25;4,48;4,05;4,20;1.931.681,00;
2014-10-03 16:59:46;3,80;4,30;3,75;4,19;1.686.065,00;
2014-10-02 16:58:54;4,19;4,20;3,55;3,75;2.907.909,00;
2014-10-01 16:58:10;4,95;4,95;4,40;4,40;2.201.866,00;
2014-09-30 16:59:59;5,15;5,16;4,64;4,88;2.181.386,00;
2014-09-29 16:58:54;5,00;5,20;4,95;5,15;847.194,00;
2014-09-26 16:55:59;4,80;5,00;4,75;4,94;1.183.581,00;
2014-09-25 16:59:20;4,44;4,75;4,44;4,67;1.446.540,00;
2014-09-24 16:58:30;4,15;4,46;4,09;4,44;2.224.478,00;
2014-09-23 16:59:59;3,85;4,07;3,80;4,07;1.634.437,00;
2014-09-22 16:59:17;3,59;3,83;3,54;3,80;1.233.674,00;
2014-09-19 16:58:51;3,59;3,59;3,54;3,58;380.248,00;
2014-09-18 16:57:15;3,50;3,55;3,45;3,54;503.826,00;
2014-09-17 16:54:09;3,47;3,50;3,40;3,50;836.625,00;
2014-09-16 16:58:35;3,24;3,48;3,24;3,44;631.129,00;
2014-09-15 16:58:55;3,30;3,33;3,18;3,26;1.190.645,00;
2014-09-12 16:58:59;3,16;3,23;3,16;3,23;863.970,00;
2014-09-11 16:59:23;3,00;3,15;3,00;3,12;794.691,00;
2014-09-10 16:54:32;2,99;2,99;2,95;2,98;335.113,00;
2014-09-09 17:00:30;3,04;3,10;2,95;2,95;1.214.823,00;
2014-09-08 16:58:28;2,96;3,03;2,91;3,02;677.307,00;
2014-09-05 16:57:18;2,82;2,90;2,82;2,90;886.552,00;
2014-09-04 16:59:34;2,90;2,90;2,77;2,82;930.061,00;
2014-09-03 16:59:32;2,81;2,89;2,80;2,89;971.367,00;
2014-09-02 16:56:08;2,71;2,78;2,70;2,76;1.841.014,00;
2014-09-01 16:59:26;2,66;2,73;2,65;2,69;1.035.675,00;
2014-08-29 17:00:12;2,47;2,71;2,47;2,65;2.297.240,00;
2014-08-28 17:00:03;2,38;2,48;2,35;2,47;1.000.255,00;
2014-08-27 16:59:58;2,28;2,40;2,26;2,40;1.323.740,00;
2014-08-26 17:00:00;2,28;2,29;2,26;2,29;691.129,00;
2014-08-25 16:59:30;2,26;2,31;2,26;2,27;341.307,00;
2014-08-22 16:48:59;2,15;2,27;2,15;2,26;565.548,00;
2014-08-21 16:50:15;2,20;2,21;2,17;2,17;624.882,00;
2014-08-20 17:00:00;2,22;2,22;2,16;2,18;712.866,00;
2014-08-19 16:56:49;2,26;2,29;2,22;2,23;364.409,00;
2014-08-15 16:59:59;2,20;2,24;2,14;2,24;538.759,00;
2014-08-14 16:59:38;2,23;2,23;2,15;2,17;562.684,00;
2014-08-13 16:57:22;2,26;2,28;2,25;2,25;410.695,00;
2014-08-12 16:57:47;2,26;2,29;2,23;2,25;208.560,00;
2014-08-11 16:50:09;2,30;2,30;2,25;2,26;274.536,00;
2014-08-08 17:00:27;2,30;2,30;2,23;2,28;303.294,00;
2014-08-07 16:59:49;2,19;2,35;2,17;2,29;811.756,00;
2014-08-06 16:06:10;2,08;2,17;2,08;2,14;258.571,00;
2014-08-05 17:00:18;2,20;2,20;2,07;2,09;399.265,00;
2014-08-04 17:00:16;2,21;2,21;2,17;2,20;519.162,00;
2014-08-01 16:59:59;2,12;2,22;2,05;2,18;955.437,00;
2014-07-31 16:59:59;2,12;2,24;2,11;2,17;1.036.972,00;
2014-07-30 16:59:26;2,40;2,40;2,32;2,37;1.186.529,00;
2014-07-29 16:59:41;2,01;2,22;2,01;2,22;708.128,00;
2014-07-28 16:59:35;2,07;2,10;2,00;2,03;1.137.426,00;
2014-07-25 17:00:17;2,21;2,21;2,09;2,15;1.021.627,00;
2014-07-24 16:57:36;2,25;2,32;2,20;2,21;387.201,00;
2014-07-23 16:59:06;2,21;2,25;2,15;2,25;433.960,00;
2014-07-22 16:59:47;2,33;2,33;2,19;2,26;405.945,00;
2014-07-21 16:58:57;2,33;2,35;2,29;2,31;426.233,00;
2014-07-18 17:00:07;2,35;2,42;2,35;2,40;1.059.646,00;
2014-07-17 16:59:59;2,32;2,35;2,29;2,29;193.795,00;
2014-07-16 16:59:57;2,34;2,40;2,28;2,40;719.483,00;
2014-07-15 16:55:51;2,36;2,38;2,32;2,35;511.673,00;
2014-07-14 16:53:37;2,48;2,48;2,38;2,41;317.310,00;
2014-07-11 16:56:55;2,43;2,49;2,38;2,45;1.366.591,00;
2014-07-10 16:59:52;2,36;2,49;2,36;2,44;1.616.152,00;
2014-07-08 16:59:27;2,30;2,35;2,27;2,35;1.171.146,00;
2014-07-07 16:35:31;2,28;2,30;2,23;2,28;132.802,00;
2014-07-04 16:55:05;2,23;2,28;2,20;2,28;561.796,00;
2014-07-03 16:59:08;2,35;2,36;2,27;2,29;709.161,00;
2014-07-02 16:59:44;2,29;2,34;2,28;2,34;1.037.445,00;
2014-07-01 17:00:03;2,25;2,31;2,25;2,28;1.224.890,00;
2014-06-30 16:56:05;2,15;2,20;2,14;2,19;333.642,00;
2014-06-27 16:58:07;2,09;2,17;2,02;2,15;699.027,00;
2014-06-26 16:59:42;2,15;2,20;2,05;2,12;1.047.920,00;
2014-06-25 16:57:01;2,15;2,17;2,13;2,15;403.284,00;
2014-06-24 16:57:23;2,24;2,25;2,10;2,11;932.803,00;
2014-06-23 16:59:29;2,15;2,18;2,10;2,18;2.273.927,00;
2014-06-19 17:00:17;1,95;2,00;1,93;1,96;1.316.817,00;
2014-06-18 16:56:05;1,93;2,13;1,83;2,09;1.381.059,00;
2014-06-17 16:59:15;1,90;2,05;1,77;1,97;2.689.820,00;
2014-06-16 16:59:59;2,12;2,15;1,91;1,94;1.642.432,00;
2014-06-13 16:57:00;2,30;2,34;2,28;2,31;565.949,00;
2014-06-12 17:00:00;2,36;2,37;2,32;2,32;466.215,00;
2014-06-11 16:56:40;2,28;2,36;2,27;2,32;566.700,00;
2014-06-10 17:00:03;2,44;2,46;2,25;2,27;1.655.179,00;
2014-06-09 16:59:07;2,29;2,41;2,29;2,40;1.213.519,00;
2014-06-06 16:56:33;2,26;2,28;2,25;2,27;478.026,00;
2014-06-05 16:49:45;2,22;2,27;2,22;2,25;817.787,00;
2014-06-04 17:00:45;2,28;2,28;2,20;2,22;833.051,00;
2014-06-03 16:58:25;2,30;2,32;2,28;2,28;804.228,00;
2014-06-02 16:57:04;2,38;2,38;2,28;2,32;490.423,00;
2014-05-30 17:00:09;2,36;2,39;2,20;2,38;1.165.237,00;
2014-05-29 16:59:46;2,40;2,44;2,32;2,35;1.418.358,00;
2014-05-28 16:59:01;2,22;2,38;2,22;2,36;1.408.635,00;
2014-05-27 16:59:32;2,18;2,25;2,15;2,22;954.553,00;
2014-05-26 16:59:54;2,14;2,18;2,14;2,17;364.367,00;
2014-05-23 16:58:55;2,15;2,22;2,02;2,14;1.652.555,00;
2014-05-22 16:59:24;2,10;2,19;2,10;2,15;2.914.639,00;
2014-05-21 16:52:42;1,85;2,08;1,85;2,00;3.876.683,00;
2014-05-20 16:58:38;1,80;1,87;1,77;1,83;1.110.876,00;
2014-05-19 17:00:40;1,71;1,82;1,69;1,80;1.051.705,00;
2014-05-16 16:55:53;1,65;1,74;1,61;1,73;724.959,00;
2014-05-15 16:57:52;1,65;1,70;1,65;1,66;554.563,00;
2014-05-14 16:59:18;1,71;1,73;1,67;1,72;516.765,00;
2014-05-13 16:58:57;1,73;1,77;1,70;1,70;686.833,00;
2014-05-12 16:43:59;1,72;1,74;1,70;1,72;307.395,00;
2014-05-09 16:49:54;1,70;1,74;1,66;1,72;713.251,00;
2014-05-08 16:59:48;1,74;1,78;1,66;1,70;1.136.260,00;
2014-05-07 16:59:33;1,80;1,80;1,74;1,74;896.043,00;
2014-05-06 16:57:24;1,83;1,84;1,77;1,81;661.302,00;
2014-05-05 17:00:38;1,78;1,83;1,75;1,82;838.516,00;
2014-04-30 17:00:04;1,75;1,76;1,71;1,76;853.913,00;
2014-04-29 16:59:57;1,84;1,86;1,76;1,78;1.014.753,00;
2014-04-28 17:00:37;1,79;1,84;1,77;1,84;1.077.505,00;
2014-04-25 17:00:11;1,73;1,76;1,65;1,74;969.320,00;
2014-04-24 16:59:44;1,82;1,88;1,65;1,74;1.376.716,00;
2014-04-23 16:59:49;1,76;1,82;1,76;1,81;1.815.345,00;
2014-04-22 16:58:52;1,65;1,76;1,64;1,76;1.392.833,00;
2014-04-21 16:56:02;1,59;1,63;1,55;1,63;724.884,00;
2014-04-16 16:59:41;1,59;1,60;1,57;1,57;875.781,00;
2014-04-15 16:56:04;1,63;1,63;1,55;1,58;690.397,00;
2014-04-14 17:00:00;1,67;1,67;1,59;1,61;443.306,00;
2014-04-11 16:59:32;1,68;1,68;1,59;1,64;923.587,00;
2014-04-10 17:00:36;1,53;1,68;1,53;1,68;3.547.800,00;
2014-04-09 16:56:51;1,55;1,60;1,50;1,53;1.611.821,00;
2014-04-08 16:59:46;1,42;1,52;1,42;1,52;3.097.962,00;
2014-04-07 16:59:08;1,42;1,42;1,39;1,41;649.556,00;
2014-04-04 17:00:13;1,45;1,45;1,41;1,42;1.020.314,00;
2014-04-03 16:57:08;1,44;1,45;1,41;1,43;2.448.445,00;
2014-04-01 16:59:14;1,41;1,44;1,40;1,41;1.140.305,00;
2014-03-31 16:48:20;1,40;1,43;1,37;1,41;1.868.887,00;
2014-03-28 17:00:09;1,40;1,42;1,35;1,37;990.752,00;
2014-03-27 16:54:15;1,39;1,44;1,37;1,40;1.423.838,00;
2014-03-26 16:54:14;1,32;1,37;1,30;1,35;1.791.385,00;
2014-03-25 16:45:10;1,32;1,32;1,28;1,28;266.698,00;
2014-03-21 16:56:53;1,29;1,32;1,29;1,30;233.935,00;
2014-03-20 16:43:35;1,26;1,32;1,26;1,26;667.785,00;
2014-03-19 17:00:04;1,28;1,28;1,25;1,25;125.471,00;
2014-03-18 16:59:01;1,29;1,29;1,26;1,28;196.846,00;
2014-03-17 16:53:28;1,29;1,30;1,26;1,30;175.567,00;
2014-03-14 16:50:23;1,32;1,32;1,29;1,30;143.427,00;
2014-03-13 16:47:43;1,32;1,33;1,29;1,30;184.522,00;
2014-03-12 16:44:45;1,31;1,33;1,28;1,32;174.562,00;
2014-03-11 16:57:07;1,33;1,33;1,30;1,30;142.887,00;
2014-03-10 16:55:51;1,36;1,36;1,30;1,33;211.763,00;
2014-03-07 17:00:03;1,33;1,37;1,31;1,33;287.354,00;
2014-03-06 16:55:05;1,32;1,34;1,29;1,31;230.254,00;
2014-03-05 16:59:51;1,34;1,34;1,28;1,29;383.859,00;
2014-02-28 16:56:16;1,28;1,37;1,28;1,33;602.115,00;
2014-02-27 16:59:42;1,27;1,27;1,25;1,27;73.629,00;
2014-02-26 16:55:35;1,25;1,29;1,25;1,27;140.560,00;
2014-02-25 16:59:41;1,33;1,34;1,29;1,29;146.439,00;
2014-02-24 16:43:29;1,36;1,37;1,33;1,34;190.937,00;
2014-02-21 16:55:34;1,36;1,38;1,35;1,36;208.477,00;
2014-02-20 15:12:16;1,34;1,39;1,34;1,35;118.588,00;
2014-02-19 16:58:53;1,36;1,36;1,31;1,34;159.253,00;
2014-02-18 16:41:38;1,37;1,37;1,33;1,35;517.527,00;
2014-02-17 17:00:48;1,29;1,38;1,29;1,37;823.674,00;
2014-02-14 16:57:18;1,25;1,30;1,25;1,29;717.574,00;
2014-02-13 16:56:06;1,25;1,25;1,20;1,20;247.056,00;
2014-02-12 16:21:22;1,25;1,26;1,24;1,25;123.089,00;
2014-02-11 16:53:25;1,21;1,25;1,20;1,20;174.443,00;
2014-02-10 16:55:31;1,20;1,22;1,19;1,19;193.543,00;
2014-02-07 16:54:07;1,31;1,31;1,20;1,25;364.812,00;
2014-02-06 16:56:13;1,32;1,34;1,26;1,31;235.649,00;
2014-02-05 16:58:13;1,39;1,39;1,30;1,34;302.165,00;
2014-02-04 17:01:05;1,37;1,39;1,35;1,36;222.454,00;
2014-02-03 16:58:45;1,39;1,41;1,35;1,37;1.310.337,00;
2014-01-31 16:46:33;1,30;1,33;1,29;1,32;215.139,00;
2014-01-30 17:00:34;1,26;1,28;1,22;1,28;170.235,00;
2014-01-29 16:58:18;1,17;1,24;1,14;1,24;318.041,00;
2014-01-28 16:59:46;1,18;1,18;1,13;1,17;471.431,00;
2014-01-27 17:00:29;1,20;1,20;1,09;1,18;366.546,00;
2014-01-24 16:59:54;1,24;1,25;1,20;1,21;348.409,00;
2014-01-23 16:49:57;1,37;1,37;1,22;1,27;744.620,00;
2014-01-22 16:55:24;1,35;1,38;1,34;1,34;388.009,00;
2014-01-21 16:21:56;1,40;1,40;1,35;1,35;309.071,00;
2014-01-20 16:48:01;1,38;1,39;1,34;1,38;372.505,00;
2014-01-17 16:57:28;1,30;1,39;1,30;1,36;727.502,00;
2014-01-16 16:59:59;1,29;1,29;1,27;1,28;270.226,00;
2014-01-15 16:59:58;1,25;1,27;1,24;1,25;405.460,00;
2014-01-14 16:57:35;1,23;1,24;1,22;1,22;250.642,00;
2014-01-13 16:58:26;1,21;1,22;1,20;1,22;167.704,00;
2014-01-10 16:57:34;1,23;1,25;1,18;1,18;305.207,00;
2014-01-09 16:46:06;1,23;1,23;1,20;1,21;78.297,00;
2014-01-08 16:57:19;1,15;1,27;1,15;1,23;236.654,00;
2014-01-07 16:59:55;1,24;1,25;1,17;1,21;403.183,00;
2014-01-06 16:55:05;1,23;1,32;1,23;1,24;746.473,00;
2014-01-03 16:59:39;1,09;1,25;1,09;1,23;676.529,00;
2014-01-02 16:52:38;1,07;1,09;1,06;1,09;317.516,00;
2013-12-30 16:58:10;1,07;1,08;1,04;1,04;195.195,00;
2013-12-27 16:52:26;1,06;1,07;1,02;1,07;641.503,00;
2013-12-26 16:49:35;1,06;1,10;1,06;1,07;152.230,00;
2013-12-23 16:56:56;1,12;1,12;1,09;1,11;236.013,00;
2013-12-20 16:57:22;1,08;1,15;1,06;1,13;746.699,00;
2013-12-19 16:59:27;1,16;1,19;1,06;1,08;1.008.272,00;
2013-12-18 16:56:11;1,20;1,20;1,15;1,17;283.626,00;
2013-12-17 16:52:37;1,20;1,22;1,16;1,19;386.072,00;
2013-12-16 16:59:01;1,25;1,26;1,21;1,25;127.720,00;
2013-12-13 16:36:34;1,22;1,25;1,22;1,25;187.856,00;
2013-12-12 16:59:58;1,24;1,24;1,19;1,20;153.520,00;
2013-12-11 16:36:55;1,22;1,29;1,22;1,23;133.548,00;
2013-12-10 16:59:58;1,28;1,28;1,23;1,25;139.256,00;
2013-12-09 16:53:03;1,30;1,36;1,29;1,29;356.621,00;
2013-12-06 16:59:31;1,27;1,31;1,27;1,29;527.056,00;
2013-12-05 16:54:20;1,26;1,31;1,25;1,26;462.519,00;
2013-12-04 17:00:51;1,25;1,32;1,24;1,26;664.963,00;
2013-12-03 16:56:29;1,35;1,35;1,22;1,25;839.914,00;
2013-12-02 16:52:06;1,43;1,49;1,34;1,35;864.430,00;
2013-11-29 16:59:57;1,42;1,47;1,40;1,43;534.217,00;
2013-11-28 17:00:02;1,47;1,50;1,42;1,50;473.939,00;
2013-11-27 16:59:37;1,51;1,51;1,42;1,44;924.063,00;
2013-11-26 16:59:55;1,56;1,59;1,48;1,51;2.076.601,00;
2013-11-22 16:59:24;1,35;1,43;1,35;1,42;1.480.048,00;
2013-11-21 16:59:32;1,29;1,35;1,29;1,31;434.414,00;
2013-11-20 16:57:36;1,29;1,29;1,23;1,27;773.438,00;
2013-11-19 16:48:37;1,25;1,27;1,17;1,18;1.254.807,00;
2013-11-18 16:45:48;1,35;1,35;1,28;1,29;159.735,00;
2013-11-15 16:52:30;1,33;1,38;1,30;1,31;405.660,00;
2013-11-14 16:55:35;1,22;1,34;1,22;1,30;375.116,00;
2013-11-13 16:58:21;1,27;1,27;1,20;1,23;366.950,00;
2013-11-12 16:33:01;1,31;1,31;1,28;1,28;119.057,00;
2013-11-11 16:59:57;1,35;1,35;1,28;1,33;537.980,00;
2013-11-08 16:58:52;1,34;1,39;1,32;1,33;291.526,00;
2013-11-07 16:59:53;1,45;1,49;1,34;1,35;1.172.358,00;
2013-11-05 16:59:00;1,33;1,41;1,32;1,41;1.241.159,00;
2013-11-04 16:56:26;1,23;1,32;1,23;1,32;971.984,00;
2013-11-01 16:50:58;1,21;1,29;1,20;1,24;562.303,00;
2013-10-31 17:00:23;1,19;1,24;1,14;1,18;935.604,00;
2013-10-30 16:56:27;1,15;1,25;1,08;1,16;1.813.350,00;
2013-10-29 17:00:01;1,31;1,31;1,12;1,14;2.090.514,00;
2013-10-28 17:00:03;1,45;1,45;1,28;1,30;1.220.179,00;
2013-10-25 16:58:17;1,50;1,50;1,35;1,42;2.184.774,00;
2013-10-24 16:58:15;1,35;1,48;1,35;1,46;2.237.147,00;
2013-10-23 16:59:13;1,55;1,56;1,38;1,38;2.357.071,00;
2013-10-22 17:00:06;1,67;1,67;1,53;1,62;1.953.404,00;
2013-10-21 16:57:19;1,56;1,63;1,56;1,63;1.936.242,00;
2013-10-18 17:00:08;1,46;1,54;1,44;1,53;2.413.004,00;
2013-10-17 16:59:47;1,32;1,43;1,30;1,43;1.424.113,00;
2013-10-16 16:58:32;1,40;1,44;1,24;1,32;2.837.287,00;
2013-10-15 17:00:58;1,47;1,50;1,35;1,37;1.949.882,00;
2013-10-11 16:59:53;1,30;1,35;1,30;1,34;1.613.552,00;
2013-10-10 16:59:50;1,25;1,32;1,22;1,26;2.742.164,00;
2013-10-09 16:59:16;1,19;1,23;1,19;1,22;1.119.174,00;
2013-10-08 16:59:41;1,15;1,21;1,15;1,18;1.353.165,00;
2013-10-07 16:58:05;1,15;1,17;1,13;1,15;1.002.719,00;
2013-10-04 16:54:35;1,13;1,17;1,10;1,11;573.647,00;
2013-10-03 16:55:23;1,17;1,17;1,11;1,14;422.551,00;
2013-10-02 16:58:18;1,20;1,20;1,12;1,15;1.413.638,00;
2013-10-01 17:00:05;1,10;1,18;1,10;1,18;2.373.691,00;
2013-09-30 16:58:14;0,98;1,08;0,97;1,08;1.559.149,00;
2013-09-27 17:00:23;1,03;1,06;1,00;1,00;814.050,00;
2013-09-26 17:00:21;1,07;1,08;0,99;1,02;1.335.720,00;
2013-09-25 17:00:01;1,09;1,15;1,03;1,07;2.408.064,00;
2013-09-24 16:59:55;1,18;1,23;1,06;1,12;2.565.557,00;
2013-09-23 16:59:52;1,00;1,13;1,00;1,12;2.728.981,00;
2013-09-20 16:57:48;0,99;1,00;0,96;0,99;2.276.315,00;
2013-09-19 17:00:01;0,91;0,94;0,91;0,94;1.424.193,00;
2013-09-18 17:01:01;0,93;0,93;0,89;0,91;2.228.509,00;
2013-09-17 16:59:58;0,89;0,93;0,88;0,90;2.232.338,00;
2013-09-16 16:59:59;0,80;0,89;0,80;0,88;2.671.944,00;
2013-09-13 16:54:52;0,77;0,79;0,77;0,79;621.311,00;
2013-09-12 16:56:00;0,79;0,82;0,77;0,77;698.183,00;
2013-09-11 16:59:04;0,81;0,82;0,75;0,80;1.193.713,00;
2013-09-10 16:59:55;0,83;0,86;0,80;0,81;1.467.818,00;
2013-09-09 16:59:14;0,78;0,81;0,78;0,81;990.089,00;
2013-09-06 16:55:10;0,75;0,79;0,74;0,77;652.042,00;
2013-09-05 16:57:40;0,72;0,75;0,71;0,75;585.602,00;
2013-09-04 17:00:02;0,73;0,73;0,72;0,72;327.253,00;
2013-09-03 17:00:13;0,72;0,74;0,72;0,73;566.139,00;
2013-09-02 16:59:57;0,70;0,72;0,70;0,72;278.128,00;
2013-08-30 16:27:37;0,71;0,72;0,70;0,70;477.874,00;
2013-08-29 16:56:14;0,72;0,72;0,71;0,71;389.301,00;
2013-08-28 15:31:09;0,71;0,75;0,71;0,73;444.826,00;
2013-08-27 16:55:39;0,72;0,72;0,70;0,71;175.339,00;
2013-08-26 16:54:12;0,74;0,74;0,73;0,73;319.610,00;
2013-08-23 16:35:10;0,71;0,74;0,71;0,72;462.110,00;
2013-08-22 16:53:05;0,69;0,70;0,69;0,70;330.540,00;
2013-08-21 16:52:28;0,71;0,72;0,70;0,70;246.225,00;
2013-08-20 16:59:45;0,71;0,72;0,70;0,71;257.735,00;
2013-08-16 16:52:26;0,74;0,74;0,72;0,72;146.399,00;
2013-08-15 16:54:32;0,73;0,76;0,73;0,74;713.230,00;
2013-08-14 17:00:04;0,71;0,74;0,71;0,73;752.518,00;
2013-08-13 16:51:54;0,71;0,71;0,70;0,71;122.125,00;
2013-08-12 16:50:15;0,70;0,72;0,70;0,70;306.040,00;
2013-08-09 16:44:31;0,70;0,70;0,69;0,69;420.116,00;
2013-08-08 16:58:12;0,70;0,71;0,69;0,69;176.796,00;
2013-08-07 16:57:10;0,70;0,71;0,70;0,70;147.058,00;
2013-08-06 16:49:21;0,70;0,71;0,69;0,71;110.740,00;
2013-08-05 15:38:08;0,72;0,73;0,72;0,72;271.645,00;
2013-08-02 16:59:48;0,69;0,72;0,69;0,72;260.704,00;
2013-08-01 16:58:52;0,68;0,69;0,68;0,68;110.933,00;
2013-07-31 16:55:06;0,68;0,69;0,68;0,69;415.632,00;
2013-07-30 16:42:27;0,67;0,67;0,65;0,65;266.495,00;
2013-07-29 16:55:30;0,69;0,69;0,67;0,67;111.236,00;
2013-07-26 16:53:47;0,65;0,69;0,65;0,68;307.471,00;
2013-07-25 16:30:21;0,65;0,65;0,65;0,65;94.797,00;
2013-07-24 16:59:55;0,67;0,67;0,65;0,65;282.939,00;
2013-07-23 16:45:55;0,68;0,68;0,66;0,67;247.600,00;
2013-07-22 16:50:21;0,67;0,68;0,66;0,67;211.211,00;
2013-07-19 16:15:26;0,65;0,65;0,65;0,65;66.481,00;
2013-07-18 16:43:15;0,65;0,67;0,62;0,65;247.667,00;
2013-07-17 16:56:51;0,67;0,68;0,65;0,66;327.275,00;
2013-07-16 16:59:39;0,66;0,67;0,66;0,67;137.850,00;
2013-07-15 15:46:00;0,66;0,67;0,65;0,66;155.105,00;
2013-07-12 16:50:22;0,67;0,67;0,65;0,66;247.708,00;
2013-07-11 16:51:17;0,66;0,68;0,66;0,68;312.779,00;
2013-07-10 16:58:12;0,65;0,67;0,65;0,66;371.197,00;
2013-07-08 16:18:41;0,67;0,67;0,66;0,67;96.940,00;
2013-07-05 16:48:46;0,65;0,67;0,65;0,66;251.472,00;
2013-07-04 16:57:52;0,62;0,65;0,62;0,65;285.577,00;
2013-07-03 16:47:14;0,60;0,61;0,60;0,61;228.698,00;
2013-07-02 16:49:22;0,61;0,61;0,59;0,60;216.173,00;
2013-07-01 16:59:54;0,59;0,62;0,57;0,61;480.375,00;
2013-06-28 16:59:04;0,57;0,59;0,56;0,58;163.229,00;
2013-06-27 16:49:24;0,55;0,56;0,55;0,55;57.162,00;
2013-06-26 16:26:25;0,58;0,58;0,57;0,57;82.222,00;
2013-06-25 16:59:12;0,59;0,59;0,58;0,58;93.524,00;
2013-06-24 15:20:47;0,55;0,58;0,55;0,58;270.967,00;
2013-06-19 16:49:05;0,58;0,58;0,57;0,58;91.186,00;
2013-06-18 16:55:48;0,60;0,60;0,54;0,58;569.679,00;
2013-06-17 16:44:13;0,60;0,61;0,60;0,60;59.629,00;
2013-06-14 16:37:41;0,61;0,63;0,61;0,63;139.632,00;
2013-06-13 16:47:09;0,61;0,62;0,61;0,61;113.915,00;
2013-06-12 16:39:55;0,65;0,65;0,61;0,62;292.462,00;
2013-06-11 16:57:56;0,66;0,66;0,65;0,65;181.251,00;
2013-06-10 16:59:38;0,68;0,68;0,66;0,66;126.625,00;
2013-06-07 14:50:00;0,69;0,69;0,68;0,68;28.092,00;
2013-06-06 16:26:31;0,68;0,68;0,68;0,68;64.497,00;
2013-06-05 16:17:28;0,68;0,68;0,68;0,68;65.200,00;
2013-06-04 16:51:21;0,70;0,70;0,69;0,70;37.376,00;
2013-06-03 15:09:32;0,70;0,70;0,70;0,70;23.876,00;
2013-05-31 16:00:27;0,70;0,70;0,70;0,70;32.000,00;
2013-05-30 16:36:28;0,69;0,70;0,69;0,70;41.051,00;
2013-05-29 16:49:53;0,68;0,69;0,68;0,69;182.373,00;
2013-05-28 16:59:45;0,69;0,69;0,67;0,67;119.905,00;
2013-05-27 16:21:12;0,68;0,68;0,68;0,68;99.854,00;
2013-05-24 16:59:58;0,70;0,70;0,68;0,68;92.648,00;
2013-05-23 16:59:58;0,67;0,72;0,67;0,70;409.412,00;
2013-05-22 17:00:01;0,69;0,69;0,67;0,67;396.017,00;
2013-05-21 16:49:21;0,69;0,70;0,69;0,69;147.218,00;
2013-05-20 16:46:33;0,71;0,71;0,70;0,70;180.129,00;
2013-05-17 16:58:09;0,72;0,72;0,71;0,71;145.224,00;
2013-05-16 16:32:30;0,74;0,74;0,71;0,72;287.997,00;
2013-05-15 16:52:52;0,70;0,74;0,70;0,74;306.342,00;
2013-05-14 17:00:03;0,70;0,71;0,70;0,70;358.811,00;
2013-05-13 16:59:59;0,70;0,72;0,69;0,69;537.343,00;
2013-05-10 16:59:47;0,74;0,74;0,69;0,71;927.300,00;
2013-05-09 16:47:00;0,77;0,77;0,73;0,74;758.085,00;
2013-05-08 16:56:39;0,82;0,85;0,77;0,77;1.283.290,00;
2013-05-07 16:58:47;0,77;0,82;0,77;0,82;1.645.220,00;
2013-05-06 17:00:12;0,71;0,77;0,71;0,76;1.038.456,00;
2013-05-03 16:58:56;0,71;0,72;0,70;0,71;413.286,00;
2013-05-02 16:58:51;0,71;0,71;0,70;0,70;361.054,00;
2013-04-30 16:51:33;0,71;0,71;0,70;0,71;750.795,00;
2013-04-29 16:58:51;0,70;0,71;0,69;0,71;477.641,00;
2013-04-26 16:46:43;0,70;0,71;0,69;0,69;471.263,00;
2013-04-25 16:55:32;0,70;0,72;0,69;0,70;498.486,00;
2013-04-24 16:47:29;0,69;0,70;0,69;0,69;406.846,00;
2013-04-23 16:58:26;0,69;0,69;0,68;0,69;534.882,00;
2013-04-22 16:58:54;0,69;0,69;0,68;0,68;255.645,00;
2013-04-19 16:59:47;0,68;0,70;0,68;0,69;953.824,00;
2013-04-18 16:52:42;0,70;0,70;0,69;0,69;93.498,00;
2013-04-17 16:12:18;0,70;0,70;0,69;0,69;357.989,00;
2013-04-16 16:18:35;0,70;0,71;0,69;0,71;168.317,00;
2013-04-15 16:49:14;0,70;0,70;0,69;0,70;377.413,00;
2013-04-12 16:41:33;0,71;0,71;0,71;0,71;154.589,00;
2013-04-11 16:57:35;0,70;0,71;0,70;0,71;178.901,00;
2013-04-10 16:42:39;0,72;0,74;0,72;0,74;42.700,00;
2013-04-09 16:59:36;0,72;0,75;0,72;0,75;172.115,00;
2013-04-08 15:08:39;0,72;0,72;0,71;0,72;37.245,00;
2013-04-05 16:55:03;0,71;0,71;0,71;0,71;77.265,00;
2013-04-04 16:37:44;0,71;0,72;0,71;0,72;116.879,00;
2013-04-03 16:59:55;0,72;0,72;0,70;0,70;125.817,00;
2013-03-27 17:00:35;0,74;0,74;0,73;0,73;97.566,00;
2013-03-26 16:01:43;0,74;0,74;0,73;0,74;332.203,00;
2013-03-25 16:54:32;0,76;0,76;0,73;0,73;129.178,00;
2013-03-22 16:59:54;0,75;0,77;0,75;0,76;656.108,00;
2013-03-21 16:59:58;0,76;0,76;0,74;0,75;425.416,00;
2013-03-20 16:59:34;0,71;0,75;0,71;0,75;631.859,00;
2013-03-19 16:56:14;0,71;0,71;0,70;0,71;566.290,00;
2013-03-18 16:54:49;0,72;0,72;0,71;0,71;310.235,00;
2013-03-15 16:58:08;0,72;0,74;0,71;0,72;563.280,00;
2013-03-14 16:58:50;0,73;0,74;0,72;0,72;445.920,00;
2013-03-13 16:59:02;0,66;0,73;0,66;0,73;788.489,00;
2013-03-12 16:39:10;0,68;0,68;0,67;0,67;281.890,00;
2013-03-11 16:58:59;0,69;0,69;0,68;0,68;518.544,00;
2013-03-08 16:35:43;0,70;0,71;0,69;0,69;362.298,00;
2013-03-07 16:49:44;0,71;0,71;0,68;0,70;374.841,00;
2013-03-06 16:58:03;0,73;0,73;0,70;0,70;335.220,00;
2013-03-05 16:57:17;0,72;0,73;0,71;0,73;215.862,00;
2013-03-04 16:45:22;0,73;0,73;0,72;0,72;220.033,00;
2013-03-01 16:45:28;0,67;0,71;0,65;0,71;580.012,00;
2013-02-28 16:59:50;0,71;0,71;0,67;0,67;448.952,00;
2013-02-27 16:57:05;0,69;0,71;0,69;0,71;515.763,00;
2013-02-26 16:50:22;0,69;0,69;0,66;0,69;447.480,00;
2013-02-25 16:56:34;0,71;0,71;0,69;0,70;368.905,00;
2013-02-22 16:58:17;0,73;0,73;0,70;0,71;478.494,00;
2013-02-21 16:56:52;0,75;0,75;0,72;0,72;349.491,00;
2013-02-19 16:16:03;0,77;0,77;0,76;0,76;173.726,00;
2013-02-18 16:57:20;0,77;0,77;0,77;0,77;193.894,00;
2013-02-15 16:59:08;0,78;0,78;0,77;0,77;408.661,00;
2013-02-14 16:59:50;0,75;0,77;0,74;0,77;380.905,00;
2013-02-13 16:51:30;0,77;0,77;0,75;0,75;241.186,00;
2013-02-08 16:58:01;0,78;0,79;0,78;0,78;204.354,00;
2013-02-07 16:59:57;0,77;0,80;0,77;0,79;866.418,00;
2013-02-06 17:00:09;0,80;0,80;0,76;0,76;1.437.756,00;
2013-02-05 16:59:45;0,85;0,85;0,80;0,80;1.269.728,00;
2013-02-04 16:52:48;0,92;0,92;0,86;0,87;215.044,00;
2013-02-01 16:56:58;0,89;0,91;0,87;0,91;496.525,00;
2013-01-30 16:59:56;0,89;0,92;0,85;0,89;1.998.553,00;
2013-01-29 16:58:42;0,83;0,88;0,82;0,88;1.506.002,00;
2013-01-28 17:00:35;0,80;0,82;0,80;0,82;1.545.750,00;
2013-01-25 16:59:52;0,77;0,79;0,77;0,78;508.234,00;
2013-01-24 17:00:26;0,76;0,76;0,75;0,76;438.181,00;
2013-01-23 17:00:42;0,77;0,79;0,75;0,75;623.824,00;
2013-01-22 16:59:40;0,73;0,76;0,73;0,76;1.016.612,00;
2013-01-21 16:58:17;0,73;0,73;0,73;0,73;840.522,00;
2013-01-18 16:59:58;0,74;0,75;0,72;0,73;594.644,00;
2013-01-17 16:55:53;0,76;0,77;0,73;0,74;1.088.725,00;
2013-01-16 16:56:44;0,67;0,75;0,67;0,75;1.633.653,00;
2013-01-15 16:59:56;0,71;0,71;0,66;0,69;689.814,00;
2013-01-14 16:59:12;0,73;0,76;0,71;0,71;1.131.746,00;
2013-01-11 17:00:19;0,77;0,81;0,69;0,72;1.851.098,00;
2013-01-10 16:59:48;0,71;0,76;0,71;0,75;1.462.611,00;
2013-01-09 17:00:07;0,68;0,71;0,68;0,69;1.261.628,00;
2013-01-08 16:58:25;0,67;0,69;0,67;0,68;785.173,00;
2013-01-07 16:58:17;0,65;0,67;0,64;0,66;1.167.453,00;
2013-01-04 16:59:32;0,59;0,64;0,59;0,64;1.781.419,00;
2013-01-03 16:41:34;0,58;0,59;0,58;0,59;399.997,00;
2013-01-02 16:59:36;0,58;0,59;0,57;0,58;344.069,00;
2012-12-28 16:59:13;0,58;0,58;0,57;0,57;404.445,00;
2012-12-27 16:57:11;0,58;0,58;0,57;0,57;264.296,00;
2012-12-26 16:59:09;0,57;0,60;0,57;0,57;576.048,00;
2012-12-21 16:59:49;0,56;0,57;0,55;0,57;241.205,00;
2012-12-20 17:00:00;0,56;0,59;0,56;0,57;338.856,00;
2012-12-19 16:59:41;0,57;0,58;0,55;0,56;415.911,00;
2012-12-18 17:00:02;0,53;0,56;0,52;0,56;828.296,00;
2012-12-17 17:00:25;0,50;0,52;0,50;0,52;709.524,00;
2012-12-14 17:00:18;0,50;0,50;0,49;0,50;281.023,00;
2012-12-13 16:02:00;0,48;0,50;0,48;0,49;598.899,00;
2012-12-12 16:57:38;0,47;0,48;0,47;0,48;228.691,00;
2012-12-11 16:49:56;0,47;0,48;0,47;0,47;586.297,00;
2012-12-10 15:58:52;0,47;0,47;0,47;0,47;178.165,00;
2012-12-07 16:59:16;0,47;0,48;0,47;0,47;368.714,00;
2012-12-06 16:29:38;0,47;0,47;0,47;0,47;72.075,00;
2012-12-05 16:58:03;0,46;0,47;0,46;0,47;130.127,00;
2012-12-04 16:59:08;0,47;0,48;0,47;0,47;371.564,00;
2012-12-03 16:58:48;0,47;0,47;0,46;0,46;119.969,00;
2012-11-30 16:59:58;0,46;0,47;0,46;0,47;52.650,00;
2012-11-29 16:58:51;0,48;0,49;0,47;0,47;295.835,00;
2012-11-28 16:59:05;0,49;0,49;0,46;0,47;188.058,00;
2012-11-27 16:59:29;0,48;0,49;0,48;0,49;68.344,00;
2012-11-23 16:59:34;0,51;0,53;0,51;0,51;486.200,00;
2012-11-22 16:58:27;0,48;0,50;0,48;0,50;86.621,00;
2012-11-21 16:49:16;0,49;0,52;0,49;0,51;291.269,00;
2012-11-20 16:58:28;0,48;0,50;0,48;0,50;226.962,00;
2012-11-19 16:59:29;0,48;0,48;0,45;0,46;518.409,00;
2012-11-16 16:09:27;0,49;0,49;0,48;0,48;138.231,00;
2012-11-15 16:57:23;0,50;0,50;0,49;0,50;325.000,00;
2012-11-14 16:58:05;0,49;0,50;0,49;0,50;81.631,00;
2012-11-13 16:54:35;0,50;0,50;0,50;0,50;142.944,00;
2012-11-12 16:29:35;0,51;0,51;0,51;0,51;188.476,00;
2012-11-09 16:58:28;0,51;0,52;0,51;0,52;314.991,00;
2012-11-08 16:48:26;0,53;0,53;0,52;0,52;118.836,00;
2012-11-07 16:55:52;0,50;0,51;0,50;0,51;85.133,00;
2012-11-05 16:56:54;0,51;0,51;0,50;0,51;145.527,00;
2012-11-02 17:00:08;0,53;0,53;0,51;0,51;39.902,00;
2012-11-01 16:59:47;0,53;0,53;0,51;0,53;244.554,00;
2012-10-31 16:57:56;0,53;0,54;0,52;0,54;84.863,00;
2012-10-30 16:41:46;0,54;0,54;0,53;0,53;27.966,00;
2012-10-29 16:58:12;0,54;0,54;0,54;0,54;42.329,00;
2012-10-25 16:52:30;0,56;0,57;0,55;0,56;133.612,00;
2012-10-24 16:58:28;0,54;0,56;0,53;0,56;161.500,00;
2012-10-23 16:59:20;0,53;0,54;0,53;0,54;144.731,00;
2012-10-22 16:58:50;0,55;0,55;0,54;0,54;111.750,00;
2012-10-19 16:31:33;0,55;0,55;0,54;0,55;65.030,00;
2012-10-18 16:16:28;0,56;0,57;0,55;0,55;144.905,00;
2012-10-17 16:58:51;0,55;0,56;0,55;0,56;56.646,00;
2012-10-16 16:47:17;0,54;0,56;0,54;0,55;156.747,00;
2012-10-15 16:59:56;0,55;0,55;0,54;0,54;265.676,00;
2012-10-12 16:59:30;0,57;0,57;0,55;0,55;170.556,00;
2012-10-11 16:58:59;0,57;0,57;0,57;0,57;178.846,00;
2012-10-10 16:58:58;0,59;0,59;0,57;0,57;207.861,00;
2012-10-09 16:59:54;0,60;0,60;0,58;0,60;425.427,00;
2012-10-05 16:58:53;0,58;0,60;0,58;0,60;561.273,00;
2012-10-04 16:59:56;0,58;0,58;0,57;0,58;247.088,00;
2012-10-03 16:39:08;0,57;0,58;0,57;0,58;176.860,00;
2012-10-02 16:42:15;0,58;0,58;0,58;0,58;70.675,00;
2012-10-01 16:58:38;0,58;0,59;0,57;0,58;318.718,00;
2012-09-28 16:30:40;0,59;0,59;0,58;0,59;169.565,00;
2012-09-27 16:54:52;0,59;0,59;0,58;0,59;361.634,00;
2012-09-26 16:58:41;0,59;0,59;0,58;0,59;129.898,00;
2012-09-25 16:48:54;0,60;0,61;0,58;0,60;479.066,00;
2012-09-21 16:59:28;0,60;0,60;0,59;0,60;133.895,00;
2012-09-20 15:58:57;0,60;0,60;0,59;0,59;81.778,00;
2012-09-19 16:59:51;0,61;0,61;0,59;0,60;381.931,00;
2012-09-18 16:59:25;0,60;0,60;0,59;0,60;84.245,00;
2012-09-17 16:38:20;0,60;0,61;0,60;0,60;219.232,00;
2012-09-14 16:53:51;0,61;0,61;0,60;0,60;454.378,00;
2012-09-13 16:59:22;0,61;0,61;0,60;0,60;412.499,00;
2012-09-12 16:56:00;0,61;0,61;0,60;0,60;402.060,00;
2012-09-11 16:59:56;0,61;0,61;0,60;0,61;177.712,00;
2012-09-10 16:41:17;0,61;0,61;0,60;0,61;116.627,00;
2012-09-07 16:59:47;0,63;0,63;0,61;0,62;172.708,00;
2012-09-06 16:58:40;0,64;0,64;0,63;0,64;103.250,00;
2012-09-05 16:46:32;0,63;0,64;0,63;0,64;182.226,00;
2012-09-04 17:00:43;0,64;0,64;0,62;0,63;192.462,00;
2012-09-03 16:37:50;0,65;0,65;0,64;0,64;28.290,00;
2012-08-31 16:59:22;0,66;0,66;0,63;0,65;158.284,00;
2012-08-30 16:51:49;0,65;0,66;0,65;0,66;44.402,00;
2012-08-29 16:55:52;0,65;0,68;0,65;0,67;150.777,00;
2012-08-28 16:59:21;0,70;0,71;0,68;0,69;379.559,00;
2012-08-27 16:51:24;0,69;0,71;0,69;0,69;736.912,00;
2012-08-24 16:58:53;0,64;0,67;0,63;0,67;787.469,00;
2012-08-23 16:53:08;0,63;0,64;0,63;0,64;210.034,00;
2012-08-22 16:59:03;0,64;0,64;0,62;0,63;165.844,00;
2012-08-21 16:59:55;0,63;0,64;0,63;0,63;250.742,00;
2012-08-17 17:00:09;0,66;0,66;0,63;0,63;363.428,00;
2012-08-16 16:59:40;0,65;0,66;0,65;0,66;1.270.467,00;
2012-08-14 16:59:59;0,65;0,65;0,63;0,65;97.380,00;
2012-08-13 16:59:44;0,64;0,65;0,64;0,65;178.679,00;
2012-08-10 16:59:49;0,63;0,65;0,63;0,65;125.049,00;
2012-08-09 16:59:44;0,66;0,66;0,65;0,66;149.561,00;
2012-08-08 16:56:15;0,66;0,66;0,65;0,65;172.155,00;
2012-08-07 16:57:28;0,66;0,66;0,66;0,66;181.769,00;
2012-08-06 16:59:04;0,66;0,67;0,66;0,67;168.553,00;
2012-08-03 16:58:46;0,68;0,68;0,66;0,67;172.420,00;
2012-08-02 16:59:39;0,66;0,67;0,66;0,67;49.474,00;
2012-08-01 16:59:57;0,66;0,67;0,66;0,66;125.480,00;
2012-07-31 16:58:37;0,69;0,69;0,68;0,68;138.002,00;
2012-07-30 16:59:56;0,69;0,70;0,69;0,69;99.662,00;
2012-07-27 16:59:11;0,74;0,74;0,71;0,72;87.338,00;
2012-07-26 16:53:57;0,75;0,75;0,72;0,73;571.461,00;
2012-07-25 16:59:59;0,70;0,74;0,70;0,74;1.049.097,00;
2012-07-24 16:35:34;0,70;0,71;0,68;0,70;270.371,00;
2012-07-23 16:58:46;0,67;0,70;0,66;0,70;474.013,00;
2012-07-20 16:59:23;0,68;0,68;0,67;0,68;341.498,00;
2012-07-19 16:59:29;0,67;0,70;0,67;0,68;358.609,00;
2012-07-18 16:55:46;0,64;0,68;0,64;0,67;742.332,00;
2012-07-17 16:53:34;0,64;0,64;0,63;0,64;312.280,00;
2012-07-16 16:59:12;0,63;0,64;0,63;0,63;232.058,00;
2012-07-13 16:55:10;0,64;0,64;0,63;0,63;244.992,00;
2012-07-12 14:41:51;0,64;0,64;0,63;0,63;81.528,00;
2012-07-11 16:38:05;0,63;0,65;0,63;0,65;84.650,00;
2012-07-10 16:56:55;0,66;0,66;0,64;0,64;64.644,00;
2012-07-06 16:55:56;0,66;0,66;0,65;0,66;376.360,00;
2012-07-05 16:59:39;0,64;0,66;0,63;0,66;584.397,00;
2012-07-04 16:59:43;0,62;0,63;0,62;0,63;184.745,00;
2012-07-03 16:53:32;0,62;0,63;0,62;0,63;179.618,00;
2012-07-02 16:47:41;0,64;0,64;0,63;0,63;152.351,00;
2012-06-29 16:58:30;0,63;0,64;0,63;0,64;100.380,00;
2012-06-28 16:52:46;0,64;0,64;0,63;0,63;98.761,00;
2012-06-27 16:52:51;0,65;0,66;0,64;0,64;440.115,00;
2012-06-26 15:21:18;0,63;0,65;0,63;0,65;140.677,00;
2012-06-25 16:59:55;0,66;0,66;0,63;0,63;66.031,00;
2012-06-22 17:00:15;0,63;0,64;0,63;0,64;193.249,00;
2012-06-21 16:43:05;0,64;0,64;0,63;0,63;133.841,00;
2012-06-19 16:58:49;0,66;0,66;0,64;0,64;242.420,00;
2012-06-18 16:52:50;0,66;0,66;0,65;0,66;131.061,00;
2012-06-15 17:00:42;0,67;0,67;0,65;0,66;508.539,00;
2012-06-14 17:00:12;0,65;0,67;0,65;0,65;250.756,00;
2012-06-13 17:02:03;0,63;0,66;0,63;0,65;271.028,00;
2012-06-12 16:59:36;0,66;0,66;0,64;0,64;103.200,00;
2012-06-11 16:55:56;0,66;0,67;0,65;0,65;153.865,00;
2012-06-08 16:52:17;0,67;0,67;0,67;0,67;73.778,00;
2012-06-07 16:59:47;0,67;0,67;0,67;0,67;31.514,00;
2012-06-06 16:59:12;0,68;0,68;0,66;0,67;110.687,00;
2012-06-05 16:59:43;0,68;0,68;0,67;0,68;82.904,00;
2012-06-04 17:00:19;0,70;0,70;0,66;0,67;216.263,00;
2012-06-01 16:59:44;0,71;0,72;0,70;0,71;156.733,00;
2012-05-31 16:58:33;0,73;0,74;0,73;0,74;38.041,00;
2012-05-30 16:59:38;0,73;0,74;0,73;0,73;70.759,00;
2012-05-29 16:45:12;0,74;0,75;0,74;0,75;357.500,00;
2012-05-28 15:52:27;0,75;0,75;0,74;0,74;105.927,00;
2012-05-24 16:50:55;0,74;0,76;0,74;0,75;308.639,00;
2012-05-23 16:59:51;0,66;0,73;0,66;0,73;653.856,00;
2012-05-22 16:59:27;0,66;0,69;0,66;0,67;510.058,00;
2012-05-21 16:59:40;0,66;0,66;0,64;0,66;156.843,00;
2012-05-18 16:59:59;0,63;0,65;0,63;0,65;232.376,00;
2012-05-17 16:59:58;0,64;0,64;0,62;0,63;264.256,00;
2012-05-16 16:01:07;0,65;0,69;0,65;0,65;354.923,00;
2012-05-15 16:59:59;0,69;0,69;0,65;0,65;172.552,00;
2012-05-14 16:59:57;0,72;0,72;0,70;0,70;310.241,00;
2012-05-11 16:59:54;0,77;0,77;0,73;0,74;319.760,00;
2012-05-10 16:59:59;0,79;0,80;0,76;0,77;534.339,00;
2012-05-09 16:57:28;0,78;0,78;0,74;0,78;550.607,00;
2012-05-08 16:57:10;0,72;0,85;0,72;0,82;1.729.610,00;
2012-05-07 17:00:03;0,62;0,71;0,62;0,71;2.117.716,00;
2012-05-04 16:58:29;0,60;0,62;0,60;0,62;337.325,00;
2012-05-03 16:49:44;0,61;0,62;0,60;0,60;697.279,00;
2012-05-02 16:53:20;0,61;0,61;0,59;0,60;289.741,00;
2012-04-27 16:59:59;0,60;0,63;0,59;0,62;1.018.971,00;
2012-04-26 16:59:55;0,60;0,61;0,54;0,60;1.151.931,00;
2012-04-25 16:59:47;0,66;0,66;0,60;0,60;417.359,00;
2012-04-24 16:59:20;0,68;0,68;0,66;0,66;215.928,00;
2012-04-23 16:59:30;0,67;0,68;0,67;0,68;263.030,00;
2012-04-20 17:00:08;0,68;0,69;0,66;0,69;803.574,00;
2012-04-19 16:59:42;0,66;0,67;0,63;0,67;742.698,00;
2012-04-18 17:00:02;0,74;0,74;0,66;0,66;593.186,00;
2012-04-17 16:59:40;0,75;0,75;0,72;0,73;503.521,00;
2012-04-16 16:59:59;0,81;0,81;0,76;0,77;339.061,00;
2012-04-13 17:00:10;0,83;0,83;0,80;0,81;491.440,00;
2012-04-12 16:54:54;0,84;0,84;0,83;0,84;230.844,00;
2012-04-11 16:35:26;0,85;0,85;0,83;0,85;233.651,00;
2012-04-10 16:59:19;0,84;0,84;0,83;0,84;197.137,00;
2012-04-09 16:59:46;0,83;0,85;0,83;0,84;157.322,00;
2012-04-04 16:58:55;0,85;0,87;0,84;0,87;278.278,00;
2012-04-03 16:59:58;0,87;0,87;0,85;0,86;439.152,00;
2012-03-30 16:58:19;0,90;0,91;0,89;0,91;289.174,00;
2012-03-29 16:57:13;0,93;0,93;0,90;0,91;239.507,00;
2012-03-28 16:58:54;0,91;0,93;0,91;0,93;343.900,00;
2012-03-27 17:00:16;0,89;0,91;0,88;0,91;515.533,00;
2012-03-26 17:00:04;0,96;0,96;0,89;0,89;688.071,00;
2012-03-23 17:00:00;0,97;0,97;0,95;0,96;384.303,00;
2012-03-22 16:58:54;0,99;1,00;0,96;0,97;431.489,00;
2012-03-21 16:59:56;0,98;0,98;0,96;0,98;385.977,00;
2012-03-20 17:00:24;1,01;1,01;0,98;0,98;175.935,00;
2012-03-19 16:58:35;1,01;1,03;0,99;1,00;220.894,00;
2012-03-16 16:25:28;1,04;1,04;1,02;1,02;139.051,00;
2012-03-15 16:58:35;1,03;1,05;1,02;1,05;358.507,00;
2012-03-14 17:00:05;1,04;1,04;1,02;1,04;492.215,00;
2012-03-13 17:00:03;1,03;1,04;1,01;1,03;404.744,00;
2012-03-12 16:57:16;1,00;1,03;1,00;1,03;551.536,00;
2012-03-09 16:59:59;1,05;1,05;1,01;1,04;151.614,00;
2012-03-08 16:24:39;1,06;1,07;1,05;1,06;58.585,00;
2012-03-07 16:59:52;1,05;1,06;1,04;1,06;106.255,00;
2012-03-06 16:59:59;1,05;1,08;1,03;1,07;153.443,00;
2012-03-05 16:59:52;1,09;1,09;1,07;1,07;110.688,00;
2012-03-02 17:00:02;1,11;1,11;1,09;1,11;140.115,00;
2012-03-01 17:00:42;1,07;1,13;1,07;1,13;314.247,00;
2012-02-29 16:55:56;1,10;1,12;1,07;1,07;178.832,00;
2012-02-28 16:54:09;1,12;1,12;1,10;1,10;72.692,00;
2012-02-24 16:47:41;1,13;1,18;1,13;1,14;386.032,00;
2012-02-23 16:57:28;1,13;1,15;1,13;1,14;102.550,00;
2012-02-22 16:59:16;1,17;1,17;1,12;1,14;178.613,00;
2012-02-17 16:59:50;1,14;1,15;1,14;1,15;74.670,00;
2012-02-16 16:59:56;1,13;1,15;1,13;1,15;217.411,00;
2012-02-15 16:59:37;1,14;1,14;1,13;1,14;166.715,00;
2012-02-14 16:23:29;1,16;1,16;1,13;1,13;70.692,00;
2012-02-13 16:50:45;1,15;1,17;1,14;1,16;144.709,00;
2012-02-10 16:59:30;1,14;1,14;1,12;1,14;127.075,00;
2012-02-09 15:12:10;1,14;1,15;1,13;1,15;93.778,00;
2012-02-08 16:52:20;1,16;1,16;1,13;1,14;189.707,00;
2012-02-07 16:57:48;1,17;1,17;1,14;1,16;286.329,00;
2012-02-06 16:57:08;1,15;1,16;1,15;1,16;350.171,00;
2012-02-03 16:33:11;1,17;1,19;1,17;1,18;156.493,00;
2012-02-02 16:59:46;1,18;1,18;1,16;1,17;300.903,00;
2012-02-01 16:57:28;1,21;1,22;1,18;1,20;351.000,00;
2012-01-31 17:00:03;1,21;1,21;1,18;1,20;56.067,00;
2012-01-30 16:59:43;1,20;1,21;1,19;1,20;111.783,00;
2012-01-27 17:00:25;1,23;1,23;1,20;1,22;139.885,00;
2012-01-26 16:57:48;1,25;1,27;1,23;1,23;156.622,00;
2012-01-25 17:00:14;1,25;1,26;1,24;1,24;97.221,00;
2012-01-24 16:47:29;1,22;1,23;1,21;1,23;116.145,00;
2012-01-23 16:51:04;1,25;1,25;1,23;1,23;65.907,00;
2012-01-20 16:47:56;1,25;1,25;1,24;1,25;88.774,00;
2012-01-19 16:57:42;1,29;1,29;1,25;1,27;247.916,00;
2012-01-18 16:59:09;1,25;1,28;1,24;1,28;233.068,00;
2012-01-17 16:57:14;1,24;1,25;1,21;1,25;203.415,00;
2012-01-16 16:58:57;1,22;1,25;1,20;1,25;174.123,00;
2012-01-13 16:58:51;1,25;1,25;1,22;1,25;151.608,00;
2012-01-12 16:50:59;1,27;1,27;1,26;1,26;140.135,00;
2012-01-11 16:50:11;1,27;1,27;1,24;1,25;94.986,00;
2012-01-10 15:39:03;1,26;1,30;1,26;1,26;155.981,00;
2012-01-09 16:58:48;1,27;1,34;1,27;1,29;342.000,00;
2012-01-06 17:00:00;1,27;1,31;1,26;1,30;556.264,00;
2012-01-05 16:27:12;1,23;1,26;1,23;1,24;150.024,00;
2012-01-04 16:59:58;1,17;1,23;1,17;1,23;233.758,00;
2012-01-03 16:56:06;1,15;1,18;1,15;1,17;222.079,00;
2011-12-29 16:38:15;1,12;1,15;1,12;1,15;97.966,00;
2011-12-28 16:53:38;1,14;1,14;1,12;1,12;45.821,00;
2011-12-27 16:49:03;1,18;1,18;1,14;1,14;18.413,00;
2011-12-22 16:56:42;1,17;1,17;1,13;1,16;37.556,00;
2011-12-21 16:58:50;1,11;1,15;1,11;1,15;150.787,00;
2011-12-20 16:58:27;1,13;1,14;1,12;1,14;127.115,00;
2011-12-19 16:59:49;1,15;1,17;1,12;1,13;201.176,00;
2011-12-16 16:59:39;1,17;1,18;1,16;1,18;97.027,00;
2011-12-15 16:59:04;1,19;1,19;1,16;1,17;248.631,00;
2011-12-14 16:10:30;1,23;1,23;1,15;1,18;193.076,00;
2011-12-13 16:33:06;1,20;1,23;1,20;1,20;428.519,00;
2011-12-12 16:59:19;1,23;1,23;1,20;1,20;85.396,00;
2011-12-07 16:59:05;1,25;1,27;1,24;1,25;154.120,00;
2011-12-06 16:50:46;1,27;1,29;1,24;1,25;275.463,00;
2011-12-05 15:05:33;1,29;1,30;1,27;1,27;147.388,00;
2011-12-02 16:58:38;1,26;1,28;1,25;1,28;180.342,00;
2011-12-01 17:00:15;1,26;1,26;1,22;1,24;166.782,00;
2011-11-30 16:59:52;1,32;1,32;1,24;1,26;213.610,00;
2011-11-29 17:00:06;1,28;1,32;1,28;1,28;173.982,00;
2011-11-25 17:00:26;1,17;1,26;1,17;1,26;436.923,00;
2011-11-24 16:52:49;1,14;1,17;1,14;1,16;167.858,00;
2011-11-23 16:54:48;1,16;1,16;1,13;1,13;140.398,00;
2011-11-22 16:59:43;1,15;1,18;1,15;1,16;197.224,00;
2011-11-21 16:42:34;1,17;1,18;1,14;1,15;239.045,00;
2011-11-18 16:57:05;1,22;1,24;1,20;1,20;167.476,00;
2011-11-17 16:54:24;1,26;1,26;1,21;1,21;151.163,00;
2011-11-16 16:53:22;1,27;1,29;1,25;1,29;340.853,00;
2011-11-15 16:59:32;1,28;1,30;1,27;1,27;116.489,00;
2011-11-14 16:38:16;1,34;1,35;1,30;1,30;69.884,00;
2011-11-11 16:27:29;1,37;1,37;1,33;1,34;329.216,00;
2011-11-10 15:56:31;1,36;1,37;1,32;1,34;351.574,00;
2011-11-09 17:57:10;1,36;1,38;1,31;1,33;635.003,00;
2011-11-08 16:41:58;1,38;1,40;1,38;1,39;229.562,00;
2011-11-07 16:54:37;1,39;1,40;1,36;1,37;345.177,00;
2011-11-04 16:59:31;1,41;1,42;1,39;1,39;241.890,00;
2011-11-03 16:59:42;1,50;1,50;1,41;1,42;270.793,00;
2011-11-02 16:52:55;1,39;1,51;1,39;1,40;1.361.659,00;
2011-11-01 17:00:22;1,42;1,46;1,38;1,38;1.150.077,00;
2011-10-31 16:58:55;1,42;1,52;1,41;1,49;797.835,00;
2011-10-28 16:59:13;1,46;1,51;1,43;1,47;742.328,00;
2011-10-27 16:59:25;1,42;1,47;1,41;1,44;1.330.936,00;
2011-10-26 16:59:46;1,38;1,41;1,37;1,39;662.684,00;
2011-10-25 16:59:59;1,34;1,40;1,34;1,38;382.044,00;
2011-10-24 16:58:34;1,38;1,39;1,37;1,37;675.579,00;
2011-10-21 16:59:51;1,39;1,42;1,35;1,35;1.266.473,00;
2011-10-20 16:57:21;1,36;1,37;1,30;1,37;1.058.412,00;
2011-10-19 16:56:37;1,37;1,40;1,33;1,35;978.917,00;
2011-10-18 16:59:58;1,36;1,41;1,34;1,36;659.507,00;
2011-10-17 16:59:59;1,25;1,36;1,22;1,36;538.487,00;
2011-10-14 17:00:17;1,20;1,27;1,20;1,27;941.094,00;
2011-10-13 16:55:43;1,12;1,20;1,09;1,18;422.862,00;
2011-10-12 16:43:42;1,10;1,14;1,10;1,12;589.418,00;
2011-10-11 17:00:00;1,06;1,08;1,06;1,08;436.059,00;
2011-10-07 16:58:20;1,04;1,05;1,03;1,05;169.716,00;
2011-10-06 16:51:54;1,00;1,05;1,00;1,04;211.234,00;
2011-10-05 16:56:45;0,99;1,00;0,99;1,00;503.440,00;
2011-10-04 16:56:18;1,00;1,00;0,97;0,98;904.682,00;
2011-10-03 16:57:16;1,08;1,10;1,01;1,03;354.186,00;
2011-09-30 17:00:39;1,12;1,12;1,08;1,11;383.043,00;
2011-09-29 16:59:59;1,13;1,14;1,10;1,14;472.272,00;
2011-09-28 16:55:53;1,10;1,12;1,10;1,10;182.215,00;
2011-09-27 16:52:36;1,15;1,15;1,11;1,12;287.391,00;
2011-09-26 16:45:04;1,12;1,12;1,10;1,10;300.374,00;
2011-09-23 16:53:28;1,10;1,14;1,10;1,11;478.664,00;
2011-09-22 16:58:27;1,12;1,13;1,10;1,10;408.259,00;
2011-09-21 16:55:53;1,19;1,21;1,16;1,17;265.269,00;
2011-09-20 16:58:57;1,17;1,20;1,17;1,18;270.067,00;
2011-09-19 16:59:55;1,16;1,19;1,16;1,18;173.780,00;
2011-09-16 16:55:56;1,20;1,20;1,18;1,18;210.087,00;
2011-09-15 16:45:24;1,20;1,20;1,19;1,20;29.645,00;
2011-09-14 16:45:37;1,20;1,21;1,20;1,20;118.639,00;
2011-09-13 16:52:51;1,18;1,20;1,17;1,20;217.748,00;
2011-09-12 16:59:59;1,17;1,20;1,16;1,19;437.137,00;
2011-09-09 17:00:42;1,24;1,24;1,21;1,22;435.220,00;
2011-09-08 16:55:20;1,27;1,28;1,24;1,24;123.259,00;
2011-09-07 16:57:48;1,25;1,27;1,24;1,27;441.740,00;
2011-09-06 16:59:37;1,18;1,23;1,18;1,23;185.955,00;
2011-09-05 17:00:25;1,17;1,19;1,17;1,18;243.481,00;
2011-09-02 16:59:52;1,22;1,24;1,21;1,21;327.456,00;
2011-09-01 16:59:59;1,26;1,27;1,24;1,25;194.310,00;
2011-08-31 16:59:59;1,26;1,28;1,24;1,28;83.709,00;
2011-08-30 16:53:21;1,25;1,26;1,25;1,26;36.834,00;
2011-08-29 16:58:35;1,24;1,26;1,24;1,25;333.797,00;
2011-08-26 17:00:00;1,20;1,23;1,19;1,23;102.987,00;
2011-08-25 16:45:53;1,21;1,22;1,20;1,21;270.985,00;
2011-08-24 16:59:10;1,22;1,23;1,20;1,22;568.000,00;
2011-08-23 16:51:04;1,22;1,23;1,21;1,21;125.041,00;
2011-08-19 16:55:58;1,20;1,22;1,19;1,20;585.764,00;
2011-08-18 16:55:55;1,22;1,22;1,16;1,20;880.740,00;
2011-08-17 16:56:55;1,27;1,27;1,25;1,26;276.096,00;
2011-08-16 16:59:59;1,26;1,26;1,24;1,26;190.559,00;
2011-08-15 16:59:52;1,32;1,32;1,26;1,27;432.122,00;
2011-08-12 17:00:05;1,29;1,31;1,28;1,31;288.160,00;
2011-08-11 17:00:18;1,24;1,28;1,23;1,28;399.344,00;
2011-08-10 16:59:41;1,15;1,23;1,15;1,23;359.013,00;
2011-08-09 16:58:33;1,17;1,24;1,12;1,20;629.087,00;
2011-08-08 16:58:36;1,24;1,25;1,15;1,16;764.485,00;
2011-08-05 16:59:55;1,37;1,38;1,27;1,32;838.880,00;
2011-08-04 16:57:21;1,46;1,46;1,36;1,37;401.898,00;
2011-08-03 16:59:12;1,49;1,50;1,44;1,46;338.862,00;
2011-08-02 16:53:22;1,50;1,50;1,48;1,48;204.026,00;
2011-08-01 16:31:46;1,50;1,50;1,47;1,49;112.593,00;
2011-07-29 16:59:22;1,44;1,50;1,44;1,49;461.000,00;
2011-07-28 16:57:10;1,42;1,46;1,41;1,44;178.085,00;
2011-07-27 17:00:02;1,45;1,45;1,41;1,42;170.810,00;
2011-07-26 17:00:10;1,36;1,46;1,36;1,45;202.025,00;
2011-07-25 17:00:00;1,36;1,38;1,36;1,38;54.360,00;
2011-07-22 16:59:59;1,38;1,38;1,37;1,37;76.028,00;
2011-07-21 16:39:26;1,37;1,38;1,36;1,37;214.371,00;
2011-07-20 16:51:42;1,39;1,39;1,37;1,37;102.642,00;
2011-07-19 16:59:57;1,38;1,38;1,36;1,38;256.314,00;
2011-07-18 16:59:59;1,34;1,37;1,34;1,37;75.624,00;
2011-07-15 16:57:41;1,38;1,38;1,36;1,37;271.799,00;
2011-07-14 16:44:47;1,42;1,43;1,37;1,38;362.154,00;
2011-07-13 16:59:23;1,44;1,45;1,40;1,42;170.779,00;
2011-07-12 17:01:12;1,45;1,46;1,41;1,43;698.810,00;
2011-07-11 16:57:32;1,49;1,49;1,45;1,48;210.326,00;
2011-07-08 16:59:17;1,52;1,52;1,50;1,51;131.245,00;
2011-07-07 16:59:58;1,55;1,56;1,50;1,52;443.967,00;
2011-07-06 16:58:00;1,50;1,54;1,49;1,53;793.728,00;
2011-07-05 16:25:36;1,46;1,52;1,46;1,51;453.178,00;
2011-07-04 16:52:29;1,46;1,47;1,43;1,47;154.189,00;
2011-07-01 16:59:41;1,45;1,46;1,44;1,46;86.409,00;
2011-06-30 17:00:01;1,48;1,48;1,42;1,44;343.256,00;
2011-06-29 17:00:01;1,45;1,46;1,43;1,45;115.550,00;
2011-06-28 16:59:29;1,48;1,48;1,44;1,45;229.244,00;
2011-06-27 16:53:04;1,44;1,47;1,43;1,46;298.937,00;
2011-06-24 16:59:58;1,42;1,50;1,42;1,44;1.388.509,00;
2011-06-23 16:59:34;1,39;1,42;1,38;1,42;181.196,00;
2011-06-22 17:00:28;1,43;1,43;1,38;1,41;1.087.898,00;
2011-06-21 16:53:59;1,42;1,45;1,42;1,42;1.149.960,00;
2011-06-17 16:59:54;1,43;1,43;1,39;1,42;649.511,00;
2011-06-16 16:58:02;1,42;1,42;1,40;1,42;491.001,00;
2011-06-15 16:59:58;1,43;1,44;1,40;1,42;785.851,00;
2011-06-14 16:59:34;1,40;1,45;1,39;1,44;688.380,00;
2011-06-13 16:59:43;1,40;1,40;1,36;1,38;153.829,00;
2011-06-10 16:59:39;1,34;1,42;1,30;1,39;1.096.601,00;
2011-06-09 16:59:12;1,23;1,35;1,22;1,35;1.514.246,00;
2011-06-08 16:59:22;1,22;1,24;1,19;1,20;452.441,00;
2011-06-07 17:00:47;1,23;1,24;1,21;1,22;258.095,00;
2011-06-06 16:59:55;1,24;1,24;1,21;1,22;178.690,00;
2011-06-03 16:59:26;1,21;1,25;1,20;1,22;261.951,00;
2011-06-02 16:59:59;1,21;1,23;1,21;1,22;102.701,00;
2011-06-01 16:53:50;1,21;1,23;1,21;1,22;274.609,00;
2011-05-31 16:59:11;1,26;1,26;1,21;1,24;160.885,00;
2011-05-30 16:59:57;1,25;1,25;1,22;1,24;170.448,00;
2011-05-27 16:59:30;1,27;1,28;1,26;1,26;210.902,00;
2011-05-26 16:56:04;1,28;1,28;1,26;1,27;264.686,00;
2011-05-24 16:57:15;1,33;1,33;1,29;1,29;223.857,00;
2011-05-23 16:50:15;1,36;1,36;1,31;1,32;105.331,00;
2011-05-20 16:56:46;1,37;1,38;1,35;1,36;217.271,00;
2011-05-19 16:56:51;1,35;1,37;1,33;1,36;519.259,00;
2011-05-18 15:52:07;1,34;1,34;1,32;1,34;122.310,00;
2011-05-17 16:59:59;1,33;1,34;1,32;1,34;125.187,00;
2011-05-16 16:59:57;1,35;1,35;1,33;1,35;78.317,00;
2011-05-13 16:59:18;1,36;1,37;1,35;1,36;159.062,00;
2011-05-12 16:59:58;1,30;1,36;1,30;1,36;290.969,00;
2011-05-11 17:00:00;1,33;1,33;1,29;1,31;658.388,00;
2011-05-10 16:57:35;1,36;1,38;1,33;1,33;265.511,00;
2011-05-09 16:59:18;1,37;1,37;1,35;1,36;170.809,00;
2011-05-06 16:46:54;1,34;1,38;1,34;1,35;197.930,00;
2011-05-05 16:00:59;1,33;1,34;1,31;1,34;86.237,00;
2011-05-04 16:51:17;1,36;1,36;1,34;1,35;86.007,00;
2011-05-03 16:58:58;1,40;1,40;1,34;1,37;267.505,00;
2011-05-02 16:58:57;1,42;1,42;1,38;1,40;64.352,00;
2011-04-29 16:59:56;1,40;1,44;1,40;1,42;300.560,00;
2011-04-28 16:58:33;1,39;1,40;1,39;1,40;203.695,00;
2011-04-27 16:59:12;1,37;1,40;1,37;1,40;129.984,00;
2011-04-26 16:42:01;1,39;1,39;1,37;1,38;280.717,00;
2011-04-25 16:45:55;1,40;1,41;1,39;1,39;88.988,00;
2011-04-20 16:58:59;1,37;1,41;1,36;1,40;471.784,00;
2011-04-19 16:56:52;1,34;1,36;1,33;1,34;212.230,00;
2011-04-18 16:46:19;1,36;1,37;1,32;1,35;473.804,00;
2011-04-15 16:59:30;1,41;1,41;1,39;1,39;306.602,00;
2011-04-14 16:53:27;1,38;1,41;1,37;1,41;316.432,00;
2011-04-13 16:45:22;1,38;1,40;1,37;1,40;225.091,00;
2011-04-12 16:59:01;1,35;1,40;1,35;1,40;227.731,00;
2011-04-11 16:59:51;1,44;1,45;1,40;1,40;311.250,00;
2011-04-08 16:59:48;1,45;1,45;1,42;1,43;121.251,00;
2011-04-07 16:57:54;1,44;1,45;1,41;1,45;227.280,00;
2011-04-06 16:52:52;1,45;1,47;1,42;1,46;377.708,00;
2011-04-05 16:59:53;1,47;1,47;1,44;1,45;297.495,00;
2011-04-04 16:58:57;1,48;1,51;1,45;1,46;324.979,00;
2011-04-01 16:59:16;1,48;1,48;1,45;1,48;617.551,00;
2011-03-31 16:15:22;1,47;1,48;1,45;1,47;156.683,00;
2011-03-30 16:58:57;1,44;1,47;1,42;1,46;565.645,00;
2011-03-29 16:49:59;1,39;1,44;1,39;1,41;196.129,00;
2011-03-28 16:53:51;1,42;1,43;1,37;1,38;174.573,00;
2011-03-23 17:00:28;1,38;1,41;1,36;1,41;540.773,00;
2011-03-22 16:55:31;1,33;1,37;1,33;1,37;410.841,00;
2011-03-21 16:58:20;1,35;1,36;1,32;1,32;288.926,00;
2011-03-18 17:00:30;1,32;1,34;1,31;1,31;453.726,00;
2011-03-17 16:55:36;1,32;1,33;1,29;1,30;690.197,00;
2011-03-16 16:59:58;1,38;1,38;1,26;1,28;1.731.233,00;
2011-03-15 16:59:41;1,37;1,39;1,34;1,35;2.006.287,00;
2011-03-14 16:29:32;1,43;1,44;1,42;1,43;215.252,00;
2011-03-11 16:53:03;1,44;1,48;1,43;1,48;304.627,00;
2011-03-10 17:00:19;1,44;1,46;1,42;1,46;434.057,00;
2011-03-09 16:57:33;1,42;1,45;1,42;1,45;291.262,00;
2011-03-04 16:59:00;1,43;1,43;1,41;1,42;188.664,00;
2011-03-03 16:43:10;1,43;1,45;1,41;1,43;227.262,00;
2011-03-02 16:59:57;1,43;1,45;1,41;1,43;99.941,00;
2011-03-01 16:58:53;1,47;1,48;1,42;1,43;174.349,00;
2011-02-28 16:50:16;1,45;1,46;1,44;1,45;254.908,00;
2011-02-25 17:00:00;1,44;1,46;1,42;1,42;272.619,00;
2011-02-24 17:00:07;1,37;1,42;1,32;1,42;977.460,00;
2011-02-23 16:59:51;1,44;1,44;1,33;1,38;948.781,00;
2011-02-22 16:59:45;1,45;1,47;1,42;1,42;538.111,00;
2011-02-21 16:59:19;1,52;1,52;1,47;1,48;383.641,00;
2011-02-18 16:58:23;1,51;1,55;1,51;1,52;619.033,00;
2011-02-17 16:41:58;1,53;1,55;1,50;1,53;390.818,00;
2011-02-16 16:58:19;1,49;1,52;1,48;1,51;568.846,00;
2011-02-15 16:34:32;1,51;1,51;1,48;1,49;624.117,00;
2011-02-14 16:59:56;1,51;1,53;1,50;1,51;342.688,00;
2011-02-11 16:58:32;1,45;1,51;1,44;1,49;619.875,00;
2011-02-10 16:54:02;1,53;1,53;1,46;1,47;772.488,00;
2011-02-09 16:59:53;1,60;1,60;1,51;1,54;531.288,00;
2011-02-08 16:59:45;1,62;1,62;1,57;1,57;327.342,00;
2011-02-07 16:56:06;1,67;1,67;1,59;1,61;433.186,00;
2011-02-04 16:59:52;1,65;1,67;1,63;1,67;328.939,00;
2011-02-03 16:52:58;1,68;1,69;1,66;1,67;210.276,00;
2011-02-02 16:53:45;1,69;1,71;1,66;1,69;349.080,00;
2011-02-01 16:59:58;1,64;1,69;1,64;1,69;282.979,00;
2011-01-31 16:48:26;1,66;1,67;1,63;1,64;273.491,00;
2011-01-28 16:57:38;1,67;1,68;1,63;1,68;293.657,00;
2011-01-27 16:58:19;1,68;1,73;1,67;1,67;365.612,00;
2011-01-26 16:56:03;1,68;1,70;1,66;1,69;420.259,00;
2011-01-25 16:56:16;1,74;1,74;1,67;1,69;359.741,00;
2011-01-24 16:59:25;1,78;1,78;1,72;1,73;472.992,00;
2011-01-21 17:00:06;1,74;1,79;1,73;1,74;1.037.744,00;
2011-01-20 16:59:48;1,71;1,75;1,69;1,72;1.494.280,00;
2011-01-19 16:55:03;1,68;1,69;1,64;1,67;720.096,00;
2011-01-18 16:55:54;1,61;1,68;1,61;1,66;655.006,00;
2011-01-17 17:00:25;1,61;1,61;1,59;1,61;115.822,00;
2011-01-14 16:59:47;1,60;1,62;1,59;1,61;371.913,00;
2011-01-13 16:51:50;1,62;1,62;1,60;1,61;408.168,00;
2011-01-12 16:58:40;1,59;1,61;1,58;1,61;543.874,00;
2011-01-11 16:59:39;1,60;1,60;1,57;1,57;566.437,00;
2011-01-10 17:00:31;1,55;1,59;1,50;1,59;643.041,00;
2011-01-07 16:59:59;1,58;1,59;1,52;1,57;453.373,00;
2011-01-06 16:59:44;1,60;1,60;1,57;1,58;897.978,00;
2011-01-05 16:55:16;1,58;1,60;1,54;1,60;1.091.080,00;
2011-01-04 17:00:28;1,62;1,62;1,55;1,60;1.255.896,00;
2011-01-03 16:59:55;1,62;1,68;1,59;1,62;849.791,00;
2010-12-30 16:58:14;1,68;1,68;1,57;1,62;617.417,00;
2010-12-29 16:59:13;1,70;1,75;1,63;1,66;1.168.798,00;
2010-12-28 16:59:47;1,68;1,72;1,66;1,70;1.617.228,00;
2010-12-27 16:59:18;1,61;1,71;1,56;1,67;2.172.476,00;
2010-12-23 16:58:38;1,47;1,62;1,47;1,61;3.751.445,00;
2010-12-22 17:00:09;1,47;1,47;1,45;1,47;456.281,00;
2010-12-21 17:00:03;1,49;1,49;1,46;1,46;853.149,00;
2010-12-20 16:59:59;1,48;1,48;1,45;1,48;804.169,00;
2010-12-17 16:59:50;1,41;1,46;1,40;1,46;1.137.022,00;
2010-12-16 17:00:09;1,37;1,43;1,36;1,41;1.279.946,00;
2010-12-15 17:00:10;1,40;1,40;1,33;1,35;1.039.372,00;
2010-12-14 17:00:00;1,45;1,46;1,36;1,39;1.104.793,00;
2010-12-13 16:53:26;1,48;1,48;1,42;1,44;918.161,00;
2010-12-10 16:58:45;1,50;1,50;1,45;1,46;839.774,00;
2010-12-09 16:59:59;1,50;1,51;1,46;1,48;894.337,00;
2010-12-07 16:59:24;1,47;1,52;1,45;1,48;2.147.067,00;
2010-12-06 16:59:31;1,44;1,47;1,44;1,45;841.739,00;
2010-12-03 17:00:15;1,47;1,47;1,43;1,44;734.410,00;
2010-12-02 17:00:18;1,46;1,49;1,43;1,46;1.160.774,00;
2010-12-01 16:59:07;1,47;1,47;1,43;1,46;1.388.527,00;
2010-11-30 16:59:43;1,40;1,43;1,39;1,40;759.125,00;
2010-11-29 17:00:34;1,42;1,42;1,37;1,42;557.704,00;
2010-11-26 16:59:20;1,38;1,45;1,36;1,41;2.759.859,00;
2010-11-25 16:59:51;1,40;1,46;1,38;1,42;3.395.938,00;
2010-11-24 17:00:22;1,26;1,38;1,26;1,37;3.515.280,00;
2010-11-23 16:59:58;1,15;1,26;1,15;1,25;1.708.502,00;
2010-11-19 16:57:10;1,19;1,21;1,16;1,21;489.691,00;
2010-11-18 16:59:58;1,15;1,19;1,15;1,18;1.014.064,00;
2010-11-17 16:59:33;1,13;1,15;1,13;1,13;466.483,00;
2010-11-16 16:59:44;1,17;1,17;1,10;1,12;1.513.945,00;
2010-11-15 16:59:56;1,18;1,18;1,16;1,17;552.177,00;
2010-11-12 17:00:55;1,24;1,24;1,16;1,16;1.479.967,00;
2010-11-11 17:00:00;1,25;1,26;1,22;1,25;553.155,00;
2010-11-10 17:00:04;1,25;1,27;1,21;1,25;1.015.565,00;
2010-11-09 17:00:00;1,28;1,31;1,25;1,26;1.754.417,00;
2010-11-08 17:00:02;1,31;1,31;1,23;1,27;1.417.676,00;
2010-11-05 16:59:47;1,33;1,33;1,27;1,29;1.647.969,00;
2010-11-04 16:57:18;1,31;1,33;1,29;1,32;1.753.308,00;
2010-11-03 16:56:36;1,28;1,31;1,25;1,27;1.618.218,00;
2010-11-02 16:59:47;1,32;1,41;1,19;1,25;5.347.390,00;
2010-11-01 17:00:25;1,24;1,30;1,24;1,29;3.012.496,00;
2010-10-29 16:59:46;1,22;1,22;1,19;1,22;1.225.644,00;
2010-10-28 17:00:49;1,23;1,24;1,18;1,21;2.999.382,00;
2010-10-26 16:59:58;1,16;1,19;1,15;1,16;858.079,00;
2010-10-25 17:00:40;1,15;1,16;1,13;1,15;1.074.969,00;
2010-10-22 16:59:56;1,15;1,15;1,13;1,14;240.836,00;
2010-10-21 16:59:59;1,16;1,17;1,14;1,15;936.388,00;
2010-10-20 16:59:26;1,16;1,17;1,14;1,15;1.097.845,00;
2010-10-19 16:58:01;1,14;1,19;1,13;1,14;1.990.486,00;
2010-10-18 15:24:19;1,16;1,18;1,15;1,17;1.836.185,00;
2010-10-15 16:59:38;1,08;1,15;1,08;1,15;1.890.652,00;
2010-10-14 16:59:59;1,08;1,10;1,07;1,08;1.799.653,00;
2010-10-13 16:59:38;1,10;1,14;1,09;1,09;2.312.527,00;
2010-10-12 17:00:07;1,05;1,10;1,04;1,09;965.720,00;
2010-10-08 16:59:58;1,04;1,06;1,03;1,05;471.217,00;
2010-10-07 16:51:39;1,07;1,07;1,04;1,04;529.303,00;
2010-10-06 17:00:00;1,03;1,06;1,03;1,06;1.409.246,00;
2010-10-05 17:00:01;1,03;1,06;1,02;1,03;902.057,00;
2010-10-04 16:44:25;1,03;1,03;1,00;1,02;397.696,00;
2010-10-01 16:59:47;1,04;1,04;1,00;1,01;450.200,00;
2010-09-30 16:58:54;1,03;1,03;1,00;1,01;661.319,00;
2010-09-29 16:58:06;1,02;1,06;1,00;1,02;1.672.683,00;
2010-09-28 17:00:08;0,99;1,07;0,98;1,03;2.417.493,00;
2010-09-27 17:00:49;0,92;1,00;0,92;1,00;2.982.221,00;
2010-09-24 17:00:21;0,91;0,92;0,91;0,92;530.626,00;
2010-09-23 16:57:14;0,92;0,92;0,91;0,91;398.384,00;
2010-09-22 16:53:59;0,93;0,93;0,92;0,93;173.526,00;
2010-09-21 16:58:43;0,93;0,94;0,92;0,93;753.073,00;
2010-09-20 16:52:40;0,93;0,93;0,92;0,93;116.230,00;
2010-09-17 16:57:19;0,91;0,94;0,91;0,93;1.017.789,00;
2010-09-16 16:49:30;0,91;0,91;0,91;0,91;123.800,00;
2010-09-15 16:44:07;0,91;0,92;0,91;0,91;124.137,00;
2010-09-14 16:51:32;0,91;0,92;0,91;0,91;227.327,00;
2010-09-13 16:58:53;0,92;0,93;0,90;0,91;408.759,00;
2010-09-10 17:00:27;0,93;0,93;0,92;0,92;267.555,00;
2010-09-09 16:59:55;0,91;0,92;0,90;0,92;287.558,00;
2010-09-08 16:57:11;0,92;0,92;0,90;0,90;313.000,00;
2010-09-07 16:58:11;0,92;0,92;0,90;0,92;226.495,00;
2010-09-06 16:59:30;0,90;0,93;0,90;0,92;779.167,00;
2010-09-03 16:59:40;0,90;0,91;0,89;0,91;1.495.171,00;
2010-09-02 17:00:04;0,89;0,89;0,88;0,89;307.210,00;
2010-09-01 16:54:42;0,91;0,91;0,89;0,89;132.498,00;
2010-08-31 16:47:08;0,89;0,90;0,89;0,89;181.656,00;
2010-08-30 16:59:14;0,89;0,90;0,88;0,88;210.381,00;
2010-08-27 16:59:09;0,89;0,89;0,88;0,89;342.086,00;
2010-08-26 16:50:17;0,90;0,91;0,89;0,89;243.290,00;
2010-08-25 17:00:06;0,88;0,89;0,88;0,89;415.749,00;
2010-08-24 16:58:14;0,88;0,90;0,88;0,90;242.978,00;
2010-08-23 16:50:05;0,92;0,92;0,90;0,91;471.406,00;
2010-08-20 16:57:28;0,91;0,97;0,90;0,94;1.282.819,00;
2010-08-19 16:59:55;0,89;0,91;0,89;0,91;794.494,00;
2010-08-18 17:00:49;0,90;0,90;0,90;0,90;604.174,00;
2010-08-17 16:52:11;0,91;0,92;0,90;0,90;379.951,00;
2010-08-13 16:56:19;0,91;0,91;0,90;0,90;154.653,00;
2010-08-12 16:54:12;0,91;0,91;0,91;0,91;91.986,00;
2010-08-11 16:45:23;0,89;0,92;0,88;0,90;451.173,00;
2010-08-10 16:55:42;0,91;0,92;0,91;0,91;245.186,00;
2010-08-09 16:59:31;0,92;0,92;0,90;0,92;311.301,00;
2010-08-06 16:59:24;0,89;0,92;0,89;0,92;394.252,00;
2010-08-05 16:59:58;0,92;0,92;0,89;0,89;439.083,00;
2010-08-04 16:59:58;0,92;0,92;0,91;0,91;363.942,00;
2010-08-03 16:59:59;0,92;0,92;0,91;0,92;505.874,00;
2010-08-02 16:57:20;0,97;0,97;0,92;0,92;627.494,00;
2010-07-30 16:56:50;0,98;0,99;0,96;0,96;744.650,00;
2010-07-29 17:00:02;0,92;0,98;0,92;0,98;2.291.153,00;
2010-07-28 16:57:16;0,92;0,92;0,90;0,90;563.736,00;
2010-07-27 17:00:01;0,92;0,93;0,91;0,92;454.504,00;
2010-07-26 16:40:59;0,93;0,93;0,91;0,92;298.186,00;
2010-07-23 17:00:01;0,94;0,95;0,93;0,93;270.565,00;
2010-07-22 16:59:00;0,95;0,96;0,94;0,95;552.207,00;
2010-07-21 17:00:01;0,95;0,96;0,94;0,94;850.052,00;
2010-07-20 17:00:45;0,90;0,95;0,89;0,94;947.624,00;
2010-07-19 16:59:07;0,90;0,90;0,89;0,90;419.952,00;
2010-07-16 17:00:16;0,89;0,90;0,89;0,89;186.153,00;
2010-07-15 16:59:45;0,89;0,89;0,88;0,89;113.381,00;
2010-07-14 16:57:43;0,90;0,90;0,89;0,89;120.959,00;
2010-07-13 16:41:14;0,90;0,90;0,89;0,89;123.496,00;
2010-07-12 16:59:29;0,90;0,90;0,89;0,90;349.388,00;
2010-07-08 16:59:39;0,89;0,89;0,88;0,89;391.822,00;
2010-07-07 16:59:41;0,88;0,89;0,88;0,89;571.976,00;
2010-07-06 16:34:05;0,89;0,90;0,88;0,88;368.533,00;
2010-07-05 16:44:48;0,88;0,89;0,88;0,88;156.201,00;
2010-07-02 16:58:04;0,88;0,89;0,88;0,88;391.173,00;
2010-07-01 16:49:07;0,86;0,88;0,85;0,88;80.678,00;
2010-06-30 16:58:54;0,88;0,88;0,87;0,87;121.369,00;
2010-06-29 16:40:43;0,89;0,89;0,87;0,87;312.501,00;
2010-06-28 16:58:25;0,90;0,90;0,90;0,90;83.750,00;
2010-06-25 16:58:59;0,90;0,90;0,90;0,90;320.294,00;
2010-06-24 16:48:29;0,90;0,91;0,90;0,90;408.206,00;
2010-06-23 16:59:39;0,92;0,92;0,89;0,91;343.402,00;
2010-06-22 16:46:29;0,91;0,91;0,90;0,90;110.965,00;
2010-06-18 16:55:59;0,91;0,92;0,90;0,91;145.534,00;
2010-06-17 16:34:47;0,91;0,92;0,91;0,91;251.356,00;
2010-06-16 16:59:11;0,91;0,92;0,91;0,91;201.594,00;
2010-06-15 16:57:05;0,91;0,92;0,91;0,92;81.220,00;
2010-06-14 16:59:36;0,93;0,93;0,91;0,91;392.265,00;
2010-06-11 16:53:55;0,92;0,92;0,91;0,91;74.426,00;
2010-06-10 16:36:15;0,92;0,92;0,91;0,92;219.730,00;
2010-06-09 16:58:48;0,90;0,92;0,90;0,91;284.874,00;
2010-06-08 16:51:01;0,90;0,91;0,89;0,90;457.307,00;
2010-06-07 16:57:02;0,89;0,90;0,88;0,90;188.199,00;
2010-06-04 16:29:05;0,92;0,92;0,90;0,90;105.908,00;
2010-06-03 16:26:05;0,92;0,93;0,92;0,92;264.965,00;
2010-06-02 16:00:19;0,91;0,92;0,91;0,91;356.430,00;
2010-06-01 17:00:52;0,91;0,91;0,90;0,90;195.029,00;
2010-05-31 16:45:04;0,92;0,92;0,91;0,91;210.132,00;
2010-05-28 16:59:46;0,90;0,91;0,88;0,90;150.172,00;
2010-05-27 16:59:14;0,89;0,90;0,89;0,90;459.559,00;
2010-05-26 16:58:32;0,89;0,90;0,87;0,87;151.301,00;
2010-05-21 16:57:27;0,88;0,90;0,88;0,89;567.511,00;
2010-05-20 16:58:21;0,85;0,89;0,85;0,88;868.952,00;
2010-05-19 17:00:02;0,92;0,92;0,89;0,90;1.180.739,00;
2010-05-18 16:57:50;0,95;0,95;0,91;0,92;285.727,00;
2010-05-17 16:56:38;0,95;0,95;0,90;0,92;525.031,00;
2010-05-14 16:57:20;0,96;0,97;0,94;0,95;994.094,00;
2010-05-13 16:59:56;0,99;1,00;0,97;0,98;551.396,00;
2010-05-12 16:59:56;0,99;1,00;0,99;1,00;465.035,00;
2010-05-11 16:59:44;0,99;1,00;0,98;0,99;492.927,00;
2010-05-10 16:59:56;0,98;1,01;0,98;1,00;1.215.672,00;
2010-05-07 16:46:46;0,95;0,96;0,91;0,93;1.124.006,00;
2010-05-06 17:00:10;1,03;1,03;0,93;0,95;1.283.592,00;
2010-05-05 16:57:27;1,02;1,04;1,01;1,02;500.710,00;
2010-05-04 16:56:34;1,05;1,06;1,03;1,04;639.911,00;
2010-05-03 16:56:42;1,07;1,08;1,05;1,07;412.732,00;
2010-04-30 16:58:29;1,06;1,07;1,05;1,06;463.218,00;
2010-04-29 16:44:32;1,06;1,07;1,05;1,07;168.968,00;
2010-04-28 16:59:35;1,05;1,06;1,03;1,05;273.700,00;
2010-04-27 16:56:13;1,06;1,07;1,04;1,06;377.563,00;
2010-04-26 16:46:33;1,08;1,09;1,05;1,06;506.359,00;
2010-04-23 17:00:11;1,10;1,10;1,07;1,07;403.047,00;
2010-04-22 16:58:27;1,07;1,09;1,07;1,09;472.695,00;
2010-04-21 16:57:12;1,08;1,09;1,07;1,09;493.318,00;
2010-04-20 17:00:43;1,10;1,10;1,07;1,07;412.281,00;
2010-04-19 17:00:04;1,10;1,10;1,07;1,09;885.133,00;
2010-04-16 16:55:41;1,11;1,13;1,09;1,10;775.058,00;
2010-04-15 16:59:59;1,13;1,13;1,11;1,12;787.755,00;
2010-04-13 16:59:58;1,16;1,17;1,14;1,16;654.634,00;
2010-04-12 16:59:52;1,15;1,17;1,15;1,16;934.433,00;
2010-04-08 17:00:47;1,09;1,15;1,09;1,15;808.433,00;
2010-04-07 17:00:54;1,12;1,13;1,09;1,11;1.362.771,00;
2010-04-06 16:55:16;1,09;1,12;1,09;1,11;653.231,00;
2010-04-05 16:57:34;1,08;1,09;1,07;1,09;568.503,00;
2010-03-31 17:04:12;1,09;1,09;1,06;1,06;456.981,00;
2010-03-30 16:57:20;1,07;1,11;1,07;1,08;1.247.575,00;
2010-03-29 16:52:13;1,09;1,09;1,07;1,08;318.660,00;
2010-03-26 17:00:24;1,07;1,09;1,07;1,09;449.285,00;
2010-03-25 16:59:55;1,11;1,12;1,08;1,08;675.204,00;
2010-03-23 16:59:23;1,12;1,13;1,11;1,11;868.488,00;
2010-03-22 16:59:56;1,09;1,12;1,09;1,12;929.591,00;
2010-03-19 17:00:13;1,09;1,10;1,07;1,09;830.102,00;
2010-03-18 16:59:56;1,07;1,11;1,07;1,09;1.295.432,00;
2010-03-17 17:00:12;1,06;1,09;1,06;1,07;2.071.613,00;
2010-03-16 16:59:42;1,05;1,06;1,03;1,06;876.134,00;
2010-03-15 16:52:35;1,04;1,05;1,03;1,04;867.564,00;
2010-03-12 16:59:44;1,01;1,04;1,01;1,04;1.017.738,00;
2010-03-11 16:58:01;1,01;1,02;1,00;1,00;450.174,00;
2010-03-10 16:48:03;1,01;1,02;1,01;1,02;428.394,00;
2010-03-09 16:58:30;1,01;1,01;1,00;1,01;511.953,00;
2010-03-08 16:59:44;1,02;1,02;1,01;1,02;212.302,00;
2010-03-05 16:46:20;1,03;1,04;1,01;1,03;68.730,00;
2010-03-04 16:59:49;1,02;1,03;1,01;1,03;146.759,00;
2010-03-03 16:59:10;1,02;1,03;1,01;1,01;445.818,00;
2010-03-02 16:54:58;1,02;1,03;1,01;1,01;252.502,00;
2010-03-01 16:12:03;1,01;1,02;1,00;1,01;319.316,00;
2010-02-26 16:57:23;1,01;1,02;1,00;1,01;255.429,00;
2010-02-25 17:00:02;1,00;1,01;1,00;1,01;415.586,00;
2010-02-24 16:59:18;1,02;1,03;1,02;1,02;454.896,00;
2010-02-23 16:55:08;1,03;1,03;1,02;1,02;484.971,00;
2010-02-22 16:54:39;1,06;1,06;1,04;1,05;307.974,00;
2010-02-19 17:00:04;1,07;1,07;1,04;1,05;511.622,00;
2010-02-18 16:56:50;1,06;1,07;1,05;1,05;264.048,00;
2010-02-17 16:59:02;1,06;1,07;1,05;1,07;677.593,00;
2010-02-16 16:54:43;1,05;1,06;1,05;1,05;255.841,00;
2010-02-15 16:26:10;1,05;1,07;1,04;1,06;66.517,00;
2010-02-12 15:44:08;1,06;1,06;1,05;1,06;119.560,00;
2010-02-11 16:50:36;1,05;1,06;1,04;1,05;153.725,00;
2010-02-10 16:52:56;1,07;1,07;1,04;1,05;177.070,00;
2010-02-09 16:34:30;1,05;1,06;1,04;1,06;245.842,00;
2010-02-08 16:57:32;1,04;1,04;1,02;1,03;281.120,00;
2010-02-05 16:59:10;1,01;1,02;1,00;1,02;805.512,00;
2010-02-04 16:57:15;1,05;1,05;1,01;1,01;691.745,00;
2010-02-03 17:01:06;1,08;1,08;1,05;1,06;235.927,00;
2010-02-02 16:59:13;1,07;1,10;1,07;1,09;221.206,00;
2010-02-01 16:57:21;1,08;1,10;1,07;1,07;121.567,00;
2010-01-29 17:00:14;1,08;1,08;1,05;1,05;90.786,00;
2010-01-28 16:49:05;1,09;1,09;1,07;1,07;106.360,00;
2010-01-27 16:57:11;1,08;1,08;1,06;1,08;247.872,00;
2010-01-26 16:59:43;1,08;1,09;1,08;1,08;83.946,00;
2010-01-25 17:00:05;1,10;1,10;1,07;1,09;152.495,00;
2010-01-22 16:53:18;1,08;1,10;1,08;1,10;182.918,00;
2010-01-21 16:50:37;1,08;1,08;1,07;1,08;247.431,00;
2010-01-20 16:57:38;1,08;1,10;1,08;1,09;248.093,00;
2010-01-19 16:59:18;1,09;1,12;1,08;1,11;317.560,00;
2010-01-18 16:54:39;1,08;1,10;1,07;1,10;313.741,00;
2010-01-15 17:00:08;1,09;1,11;1,06;1,08;282.806,00;
2010-01-14 16:56:30;1,09;1,12;1,08;1,11;515.770,00;
2010-01-13 16:41:30;1,03;1,10;1,03;1,08;550.683,00;
2010-01-12 16:59:34;1,06;1,07;1,03;1,04;933.643,00;
2010-01-11 16:57:50;1,12;1,12;1,08;1,08;358.730,00;
2010-01-08 17:00:46;1,15;1,15;1,11;1,11;862.527,00;
2010-01-07 16:58:21;1,13;1,17;1,11;1,15;825.436,00;
2010-01-06 16:59:02;1,16;1,17;1,12;1,14;786.281,00;
2010-01-05 16:59:37;1,18;1,20;1,17;1,18;644.897,00;
